variant,group,scenario,seed,transaction_cost_bps,path_bootstrap_reps,path_bootstrap_robust_min_p05,case_slack,breach,mean_test_relative,robust_min_test_relative,mean_turnover,mean_executed_step_rate,worst_daily_relative_return,worst_relative_drawdown
v25z_band_hi,screen_curated,deepcheck_b12_s8080,5,22,600,-0.00879980341889125,-0.0017998034188912498,True,0.004453821503250621,0.0009813001175900116,0.0005435064627618941,0.019784946236559138,-0.001887116612515,0.0062199132342882
v25z_band_hi,screen_curated,deepcheck_b12_s8080,5,25,600,-0.009161397597350296,-0.0021613975973502958,True,0.004302060081848058,0.0006553787633181152,0.0005435064627618941,0.019784946236559138,-0.001887116612515,0.0063282604057841
v25z_band_hi,screen_curated,deepcheck_b12_s8080,17,22,600,-0.009376512555646204,-0.0023765125556462043,True,0.004453821503250621,0.0009813001175900116,0.0005435064627618941,0.019784946236559138,-0.001887116612515,0.0062199132342882
v25z_band_hi,screen_curated,deepcheck_b12_s8080,17,25,600,-0.009700027820234752,-0.0027000278202347515,True,0.004302060081848058,0.0006553787633181152,0.0005435064627618941,0.019784946236559138,-0.001887116612515,0.0063282604057841
v25z_band_hi,screen_curated,stress_b14_s7070,5,22,600,-0.008609800175042592,-0.0016098001750425922,True,0.004453821503250621,0.0009813001175900116,0.0005435064627618941,0.019784946236559138,-0.001887116612515,0.0062199132342882
v25z_band_hi,screen_curated,stress_b14_s7070,5,25,600,-0.00895153190764829,-0.0019515319076482901,True,0.004302060081848058,0.0006553787633181152,0.0005435064627618941,0.019784946236559138,-0.001887116612515,0.0063282604057841
v25z_band_hi,screen_curated,stress_b14_s7070,17,22,600,-0.008048546650283199,-0.0010485466502831988,True,0.004453821503250621,0.0009813001175900116,0.0005435064627618941,0.019784946236559138,-0.001887116612515,0.0062199132342882
v25z_band_hi,screen_curated,stress_b14_s7070,17,25,600,-0.008511732432517538,-0.0015117324325175383,True,0.004302060081848058,0.0006553787633181152,0.0005435064627618941,0.019784946236559138,-0.001887116612515,0.0063282604057841
v25z_band_hi,screen_curated,stress_b30_s10010,5,22,600,-0.007683843602739454,-0.0006838436027394538,True,0.004453821503250621,0.0009813001175900116,0.0005435064627618941,0.019784946236559138,-0.001887116612515,0.0062199132342882
v25z_band_hi,screen_curated,stress_b30_s10010,5,25,600,-0.008350212393030253,-0.0013502123930302532,True,0.004302060081848058,0.0006553787633181152,0.0005435064627618941,0.019784946236559138,-0.001887116612515,0.0063282604057841
v25z_band_hi,screen_curated,stress_b30_s10010,17,22,600,-0.007808509028905435,-0.0008085090289054351,True,0.004453821503250621,0.0009813001175900116,0.0005435064627618941,0.019784946236559138,-0.001887116612515,0.0062199132342882
v25z_band_hi,screen_curated,stress_b30_s10010,17,25,600,-0.008273616010668793,-0.001273616010668793,True,0.004302060081848058,0.0006553787633181152,0.0005435064627618941,0.019784946236559138,-0.001887116612515,0.0063282604057841
v25z_band_hi,screen_random,worst_rh_b10_p13419,5,22,600,-0.010277013295700426,-0.0032770132957004256,True,0.004453821503250621,0.0009813001175900116,0.0005435064627618941,0.019784946236559138,-0.001887116612515,0.0062199132342882
v25z_band_hi,screen_random,worst_rh_b10_p13419,5,25,600,-0.010542990857970086,-0.003542990857970086,True,0.004302060081848058,0.0006553787633181152,0.0005435064627618941,0.019784946236559138,-0.001887116612515,0.0063282604057841
v25z_band_hi,screen_random,worst_rh_b10_p13419,17,22,600,-0.009183994853766775,-0.002183994853766775,True,0.004453821503250621,0.0009813001175900116,0.0005435064627618941,0.019784946236559138,-0.001887116612515,0.0062199132342882
v25z_band_hi,screen_random,worst_rh_b10_p13419,17,25,600,-0.009574928349607104,-0.0025749283496071034,True,0.004302060081848058,0.0006553787633181152,0.0005435064627618941,0.019784946236559138,-0.001887116612515,0.0063282604057841
v25z_band_hi,screen_random,worst_rt_b10_p7064,5,22,600,-0.00925630890674634,-0.0022563089067463406,True,0.004453821503250621,0.0009813001175900116,0.0005435064627618941,0.019784946236559138,-0.001887116612515,0.0062199132342882
v25z_band_hi,screen_random,worst_rt_b10_p7064,5,25,600,-0.009592051969514764,-0.002592051969514764,True,0.004302060081848058,0.0006553787633181152,0.0005435064627618941,0.019784946236559138,-0.001887116612515,0.0063282604057841
v25z_band_hi,screen_random,worst_rt_b10_p7064,17,22,600,-0.008509435474886728,-0.001509435474886728,True,0.004453821503250621,0.0009813001175900116,0.0005435064627618941,0.019784946236559138,-0.001887116612515,0.0062199132342882
v25z_band_hi,screen_random,worst_rt_b10_p7064,17,25,600,-0.00889443715121085,-0.001894437151210849,True,0.004302060081848058,0.0006553787633181152,0.0005435064627618941,0.019784946236559138,-0.001887116612515,0.0063282604057841
v25z_band_hi,screen_random,worst_rt_b12_p12209,5,22,600,-0.009262099327850349,-0.0022620993278503485,True,0.004453821503250621,0.0009813001175900116,0.0005435064627618941,0.019784946236559138,-0.001887116612515,0.0062199132342882
v25z_band_hi,screen_random,worst_rt_b12_p12209,5,25,600,-0.009672677878834118,-0.0026726778788341175,True,0.004302060081848058,0.0006553787633181152,0.0005435064627618941,0.019784946236559138,-0.001887116612515,0.0063282604057841
v25z_band_hi,screen_random,worst_rt_b12_p12209,17,22,600,-0.009387151751952622,-0.0023871517519526214,True,0.004453821503250621,0.0009813001175900116,0.0005435064627618941,0.019784946236559138,-0.001887116612515,0.0062199132342882
v25z_band_hi,screen_random,worst_rt_b12_p12209,17,25,600,-0.009700976355487601,-0.002700976355487601,True,0.004302060081848058,0.0006553787633181152,0.0005435064627618941,0.019784946236559138,-0.001887116612515,0.0063282604057841
v25z_band_hi,screen_random,worst_rt_b12_p8403,5,22,600,-0.008921619534554335,-0.001921619534554335,True,0.004453821503250621,0.0009813001175900116,0.0005435064627618941,0.019784946236559138,-0.001887116612515,0.0062199132342882
v25z_band_hi,screen_random,worst_rt_b12_p8403,5,25,600,-0.009160927388205752,-0.0021609273882057514,True,0.004302060081848058,0.0006553787633181152,0.0005435064627618941,0.019784946236559138,-0.001887116612515,0.0063282604057841
v25z_band_hi,screen_random,worst_rt_b12_p8403,17,22,600,-0.009076963967530122,-0.0020769639675301222,True,0.004453821503250621,0.0009813001175900116,0.0005435064627618941,0.019784946236559138,-0.001887116612515,0.0062199132342882
v25z_band_hi,screen_random,worst_rt_b12_p8403,17,25,600,-0.009393198245916595,-0.0023931982459165944,True,0.004302060081848058,0.0006553787633181152,0.0005435064627618941,0.019784946236559138,-0.001887116612515,0.0063282604057841
v25z_band_lo,screen_curated,deepcheck_b12_s8080,5,22,600,-0.005432892829390812,0.0015671071706091881,False,0.005439288722553037,0.0033344757772477696,0.0006707529060632234,0.024086021505376344,-0.0018871140378536,0.0061164216403638
v25z_band_lo,screen_curated,deepcheck_b12_s8080,5,25,600,-0.005726569409134042,0.0012734305908659585,False,0.005251300621383015,0.003282190035266863,0.0006707529060632234,0.024086021505376344,-0.0018871140378536,0.0061490398406234
v25z_band_lo,screen_curated,deepcheck_b12_s8080,17,22,600,-0.005333783697612271,0.0016662163023877293,False,0.005439288722553037,0.0033344757772477696,0.0006707529060632234,0.024086021505376344,-0.0018871140378536,0.0061164216403638
v25z_band_lo,screen_curated,deepcheck_b12_s8080,17,25,600,-0.00566636279011834,0.0013336372098816602,False,0.005251300621383015,0.003282190035266863,0.0006707529060632234,0.024086021505376344,-0.0018871140378536,0.0061490398406234
v25z_band_lo,screen_curated,stress_b14_s7070,5,22,600,-0.005616751632821837,0.001383248367178163,False,0.005439288722553037,0.0033344757772477696,0.0006707529060632234,0.024086021505376344,-0.0018871140378536,0.0061164216403638
v25z_band_lo,screen_curated,stress_b14_s7070,5,25,600,-0.0060481376901954376,0.0009518623098045626,False,0.005251300621383015,0.003282190035266863,0.0006707529060632234,0.024086021505376344,-0.0018871140378536,0.0061490398406234
v25z_band_lo,screen_curated,stress_b14_s7070,17,22,600,-0.004424413944056782,0.0025755860559432183,False,0.005439288722553037,0.0033344757772477696,0.0006707529060632234,0.024086021505376344,-0.0018871140378536,0.0061164216403638
v25z_band_lo,screen_curated,stress_b14_s7070,17,25,600,-0.0046065769153085185,0.0023934230846914817,False,0.005251300621383015,0.003282190035266863,0.0006707529060632234,0.024086021505376344,-0.0018871140378536,0.0061490398406234
v25z_band_lo,screen_curated,stress_b30_s10010,5,22,600,-0.0032581115742842943,0.003741888425715706,False,0.005439288722553037,0.0033344757772477696,0.0006707529060632234,0.024086021505376344,-0.0018871140378536,0.0061164216403638
v25z_band_lo,screen_curated,stress_b30_s10010,5,25,600,-0.003457161684689891,0.003542838315310109,False,0.005251300621383015,0.003282190035266863,0.0006707529060632234,0.024086021505376344,-0.0018871140378536,0.0061490398406234
v25z_band_lo,screen_curated,stress_b30_s10010,17,22,600,-0.003505168801534336,0.003494831198465664,False,0.005439288722553037,0.0033344757772477696,0.0006707529060632234,0.024086021505376344,-0.0018871140378536,0.0061164216403638
v25z_band_lo,screen_curated,stress_b30_s10010,17,25,600,-0.003705687523578927,0.0032943124764210734,False,0.005251300621383015,0.003282190035266863,0.0006707529060632234,0.024086021505376344,-0.0018871140378536,0.0061490398406234
v25z_band_lo,screen_random,worst_rh_b10_p13419,5,22,600,-0.00582997710042375,0.00117002289957625,False,0.005439288722553037,0.0033344757772477696,0.0006707529060632234,0.024086021505376344,-0.0018871140378536,0.0061164216403638
v25z_band_lo,screen_random,worst_rh_b10_p13419,5,25,600,-0.006019427550495437,0.0009805724495045628,False,0.005251300621383015,0.003282190035266863,0.0006707529060632234,0.024086021505376344,-0.0018871140378536,0.0061490398406234
v25z_band_lo,screen_random,worst_rh_b10_p13419,17,22,600,-0.006455775890383997,0.0005442241096160032,False,0.005439288722553037,0.0033344757772477696,0.0006707529060632234,0.024086021505376344,-0.0018871140378536,0.0061164216403638
v25z_band_lo,screen_random,worst_rh_b10_p13419,17,25,600,-0.006686465605875186,0.00031353439412481424,False,0.005251300621383015,0.003282190035266863,0.0006707529060632234,0.024086021505376344,-0.0018871140378536,0.0061490398406234
v25z_band_lo,screen_random,worst_rt_b10_p7064,5,22,600,-0.0063484370344069835,0.0006515629655930166,False,0.005439288722553037,0.0033344757772477696,0.0006707529060632234,0.024086021505376344,-0.0018871140378536,0.0061164216403638
v25z_band_lo,screen_random,worst_rt_b10_p7064,5,25,600,-0.006678409097736798,0.0003215909022632017,False,0.005251300621383015,0.003282190035266863,0.0006707529060632234,0.024086021505376344,-0.0018871140378536,0.0061490398406234
v25z_band_lo,screen_random,worst_rt_b10_p7064,17,22,600,-0.005487011744254932,0.0015129882557450682,False,0.005439288722553037,0.0033344757772477696,0.0006707529060632234,0.024086021505376344,-0.0018871140378536,0.0061164216403638
v25z_band_lo,screen_random,worst_rt_b10_p7064,17,25,600,-0.0057168651842188275,0.0012831348157811727,False,0.005251300621383015,0.003282190035266863,0.0006707529060632234,0.024086021505376344,-0.0018871140378536,0.0061490398406234
v25z_band_lo,screen_random,worst_rt_b12_p12209,5,22,600,-0.005792759802724368,0.0012072401972756325,False,0.005439288722553037,0.0033344757772477696,0.0006707529060632234,0.024086021505376344,-0.0018871140378536,0.0061164216403638
v25z_band_lo,screen_random,worst_rt_b12_p12209,5,25,600,-0.006098264594541119,0.0009017354054588807,False,0.005251300621383015,0.003282190035266863,0.0006707529060632234,0.024086021505376344,-0.0018871140378536,0.0061490398406234
v25z_band_lo,screen_random,worst_rt_b12_p12209,17,22,600,-0.006505290554296999,0.0004947094457030008,False,0.005439288722553037,0.0033344757772477696,0.0006707529060632234,0.024086021505376344,-0.0018871140378536,0.0061164216403638
v25z_band_lo,screen_random,worst_rt_b12_p12209,17,25,600,-0.006784249696469285,0.00021575030353071512,False,0.005251300621383015,0.003282190035266863,0.0006707529060632234,0.024086021505376344,-0.0018871140378536,0.0061490398406234
v25z_band_lo,screen_random,worst_rt_b12_p8403,5,22,600,-0.004997187635617423,0.0020028123643825776,False,0.005439288722553037,0.0033344757772477696,0.0006707529060632234,0.024086021505376344,-0.0018871140378536,0.0061164216403638
v25z_band_lo,screen_random,worst_rt_b12_p8403,5,25,600,-0.0051725741077726815,0.0018274258922273186,False,0.005251300621383015,0.003282190035266863,0.0006707529060632234,0.024086021505376344,-0.0018871140378536,0.0061490398406234
v25z_band_lo,screen_random,worst_rt_b12_p8403,17,22,600,-0.006618670481398075,0.000381329518601925,False,0.005439288722553037,0.0033344757772477696,0.0006707529060632234,0.024086021505376344,-0.0018871140378536,0.0061164216403638
v25z_band_lo,screen_random,worst_rt_b12_p8403,17,25,600,-0.006891962363522546,0.00010803763647745414,False,0.005251300621383015,0.003282190035266863,0.0006707529060632234,0.024086021505376344,-0.0018871140378536,0.0061490398406234
v25z_pen_hi,screen_curated,deepcheck_b12_s8080,5,22,600,-0.005432892829390812,0.0015671071706091881,False,0.005439288722553037,0.0033344757772477696,0.0006707529060632234,0.024086021505376344,-0.0018871140378536,0.0061164216403638
v25z_pen_hi,screen_curated,deepcheck_b12_s8080,5,25,600,-0.005726569409134042,0.0012734305908659585,False,0.005251300621383015,0.003282190035266863,0.0006707529060632234,0.024086021505376344,-0.0018871140378536,0.0061490398406234
v25z_pen_hi,screen_curated,deepcheck_b12_s8080,17,22,600,-0.005333783697612271,0.0016662163023877293,False,0.005439288722553037,0.0033344757772477696,0.0006707529060632234,0.024086021505376344,-0.0018871140378536,0.0061164216403638
v25z_pen_hi,screen_curated,deepcheck_b12_s8080,17,25,600,-0.00566636279011834,0.0013336372098816602,False,0.005251300621383015,0.003282190035266863,0.0006707529060632234,0.024086021505376344,-0.0018871140378536,0.0061490398406234
v25z_pen_hi,screen_curated,stress_b14_s7070,5,22,600,-0.005616751632821837,0.001383248367178163,False,0.005439288722553037,0.0033344757772477696,0.0006707529060632234,0.024086021505376344,-0.0018871140378536,0.0061164216403638
v25z_pen_hi,screen_curated,stress_b14_s7070,5,25,600,-0.0060481376901954376,0.0009518623098045626,False,0.005251300621383015,0.003282190035266863,0.0006707529060632234,0.024086021505376344,-0.0018871140378536,0.0061490398406234
v25z_pen_hi,screen_curated,stress_b14_s7070,17,22,600,-0.004424413944056782,0.0025755860559432183,False,0.005439288722553037,0.0033344757772477696,0.0006707529060632234,0.024086021505376344,-0.0018871140378536,0.0061164216403638
v25z_pen_hi,screen_curated,stress_b14_s7070,17,25,600,-0.0046065769153085185,0.0023934230846914817,False,0.005251300621383015,0.003282190035266863,0.0006707529060632234,0.024086021505376344,-0.0018871140378536,0.0061490398406234
v25z_pen_hi,screen_curated,stress_b30_s10010,5,22,600,-0.0032581115742842943,0.003741888425715706,False,0.005439288722553037,0.0033344757772477696,0.0006707529060632234,0.024086021505376344,-0.0018871140378536,0.0061164216403638
v25z_pen_hi,screen_curated,stress_b30_s10010,5,25,600,-0.003457161684689891,0.003542838315310109,False,0.005251300621383015,0.003282190035266863,0.0006707529060632234,0.024086021505376344,-0.0018871140378536,0.0061490398406234
v25z_pen_hi,screen_curated,stress_b30_s10010,17,22,600,-0.003505168801534336,0.003494831198465664,False,0.005439288722553037,0.0033344757772477696,0.0006707529060632234,0.024086021505376344,-0.0018871140378536,0.0061164216403638
v25z_pen_hi,screen_curated,stress_b30_s10010,17,25,600,-0.003705687523578927,0.0032943124764210734,False,0.005251300621383015,0.003282190035266863,0.0006707529060632234,0.024086021505376344,-0.0018871140378536,0.0061490398406234
v25z_pen_hi,screen_random,worst_rh_b10_p13419,5,22,600,-0.00582997710042375,0.00117002289957625,False,0.005439288722553037,0.0033344757772477696,0.0006707529060632234,0.024086021505376344,-0.0018871140378536,0.0061164216403638
v25z_pen_hi,screen_random,worst_rh_b10_p13419,5,25,600,-0.006019427550495437,0.0009805724495045628,False,0.005251300621383015,0.003282190035266863,0.0006707529060632234,0.024086021505376344,-0.0018871140378536,0.0061490398406234
v25z_pen_hi,screen_random,worst_rh_b10_p13419,17,22,600,-0.006455775890383997,0.0005442241096160032,False,0.005439288722553037,0.0033344757772477696,0.0006707529060632234,0.024086021505376344,-0.0018871140378536,0.0061164216403638
v25z_pen_hi,screen_random,worst_rh_b10_p13419,17,25,600,-0.006686465605875186,0.00031353439412481424,False,0.005251300621383015,0.003282190035266863,0.0006707529060632234,0.024086021505376344,-0.0018871140378536,0.0061490398406234
v25z_pen_hi,screen_random,worst_rt_b10_p7064,5,22,600,-0.0063484370344069835,0.0006515629655930166,False,0.005439288722553037,0.0033344757772477696,0.0006707529060632234,0.024086021505376344,-0.0018871140378536,0.0061164216403638
v25z_pen_hi,screen_random,worst_rt_b10_p7064,5,25,600,-0.006678409097736798,0.0003215909022632017,False,0.005251300621383015,0.003282190035266863,0.0006707529060632234,0.024086021505376344,-0.0018871140378536,0.0061490398406234
v25z_pen_hi,screen_random,worst_rt_b10_p7064,17,22,600,-0.005487011744254932,0.0015129882557450682,False,0.005439288722553037,0.0033344757772477696,0.0006707529060632234,0.024086021505376344,-0.0018871140378536,0.0061164216403638
v25z_pen_hi,screen_random,worst_rt_b10_p7064,17,25,600,-0.0057168651842188275,0.0012831348157811727,False,0.005251300621383015,0.003282190035266863,0.0006707529060632234,0.024086021505376344,-0.0018871140378536,0.0061490398406234
v25z_pen_hi,screen_random,worst_rt_b12_p12209,5,22,600,-0.005792759802724368,0.0012072401972756325,False,0.005439288722553037,0.0033344757772477696,0.0006707529060632234,0.024086021505376344,-0.0018871140378536,0.0061164216403638
v25z_pen_hi,screen_random,worst_rt_b12_p12209,5,25,600,-0.006098264594541119,0.0009017354054588807,False,0.005251300621383015,0.003282190035266863,0.0006707529060632234,0.024086021505376344,-0.0018871140378536,0.0061490398406234
v25z_pen_hi,screen_random,worst_rt_b12_p12209,17,22,600,-0.006505290554296999,0.0004947094457030008,False,0.005439288722553037,0.0033344757772477696,0.0006707529060632234,0.024086021505376344,-0.0018871140378536,0.0061164216403638
v25z_pen_hi,screen_random,worst_rt_b12_p12209,17,25,600,-0.006784249696469285,0.00021575030353071512,False,0.005251300621383015,0.003282190035266863,0.0006707529060632234,0.024086021505376344,-0.0018871140378536,0.0061490398406234
v25z_pen_hi,screen_random,worst_rt_b12_p8403,5,22,600,-0.004997187635617423,0.0020028123643825776,False,0.005439288722553037,0.0033344757772477696,0.0006707529060632234,0.024086021505376344,-0.0018871140378536,0.0061164216403638
v25z_pen_hi,screen_random,worst_rt_b12_p8403,5,25,600,-0.0051725741077726815,0.0018274258922273186,False,0.005251300621383015,0.003282190035266863,0.0006707529060632234,0.024086021505376344,-0.0018871140378536,0.0061490398406234
v25z_pen_hi,screen_random,worst_rt_b12_p8403,17,22,600,-0.006618670481398075,0.000381329518601925,False,0.005439288722553037,0.0033344757772477696,0.0006707529060632234,0.024086021505376344,-0.0018871140378536,0.0061164216403638
v25z_pen_hi,screen_random,worst_rt_b12_p8403,17,25,600,-0.006891962363522546,0.00010803763647745414,False,0.005251300621383015,0.003282190035266863,0.0006707529060632234,0.024086021505376344,-0.0018871140378536,0.0061490398406234
v25z_pen_lo,screen_curated,deepcheck_b12_s8080,5,22,600,-0.005432892829390812,0.0015671071706091881,False,0.005439288722553037,0.0033344757772477696,0.0006707529060632234,0.024086021505376344,-0.0018871140378536,0.0061164216403638
v25z_pen_lo,screen_curated,deepcheck_b12_s8080,5,25,600,-0.005726569409134042,0.0012734305908659585,False,0.005251300621383015,0.003282190035266863,0.0006707529060632234,0.024086021505376344,-0.0018871140378536,0.0061490398406234
v25z_pen_lo,screen_curated,deepcheck_b12_s8080,17,22,600,-0.005333783697612271,0.0016662163023877293,False,0.005439288722553037,0.0033344757772477696,0.0006707529060632234,0.024086021505376344,-0.0018871140378536,0.0061164216403638
v25z_pen_lo,screen_curated,deepcheck_b12_s8080,17,25,600,-0.00566636279011834,0.0013336372098816602,False,0.005251300621383015,0.003282190035266863,0.0006707529060632234,0.024086021505376344,-0.0018871140378536,0.0061490398406234
v25z_pen_lo,screen_curated,stress_b14_s7070,5,22,600,-0.005616751632821837,0.001383248367178163,False,0.005439288722553037,0.0033344757772477696,0.0006707529060632234,0.024086021505376344,-0.0018871140378536,0.0061164216403638
v25z_pen_lo,screen_curated,stress_b14_s7070,5,25,600,-0.0060481376901954376,0.0009518623098045626,False,0.005251300621383015,0.003282190035266863,0.0006707529060632234,0.024086021505376344,-0.0018871140378536,0.0061490398406234
v25z_pen_lo,screen_curated,stress_b14_s7070,17,22,600,-0.004424413944056782,0.0025755860559432183,False,0.005439288722553037,0.0033344757772477696,0.0006707529060632234,0.024086021505376344,-0.0018871140378536,0.0061164216403638
v25z_pen_lo,screen_curated,stress_b14_s7070,17,25,600,-0.0046065769153085185,0.0023934230846914817,False,0.005251300621383015,0.003282190035266863,0.0006707529060632234,0.024086021505376344,-0.0018871140378536,0.0061490398406234
v25z_pen_lo,screen_curated,stress_b30_s10010,5,22,600,-0.0032581115742842943,0.003741888425715706,False,0.005439288722553037,0.0033344757772477696,0.0006707529060632234,0.024086021505376344,-0.0018871140378536,0.0061164216403638
v25z_pen_lo,screen_curated,stress_b30_s10010,5,25,600,-0.003457161684689891,0.003542838315310109,False,0.005251300621383015,0.003282190035266863,0.0006707529060632234,0.024086021505376344,-0.0018871140378536,0.0061490398406234
v25z_pen_lo,screen_curated,stress_b30_s10010,17,22,600,-0.003505168801534336,0.003494831198465664,False,0.005439288722553037,0.0033344757772477696,0.0006707529060632234,0.024086021505376344,-0.0018871140378536,0.0061164216403638
v25z_pen_lo,screen_curated,stress_b30_s10010,17,25,600,-0.003705687523578927,0.0032943124764210734,False,0.005251300621383015,0.003282190035266863,0.0006707529060632234,0.024086021505376344,-0.0018871140378536,0.0061490398406234
v25z_pen_lo,screen_random,worst_rh_b10_p13419,5,22,600,-0.00582997710042375,0.00117002289957625,False,0.005439288722553037,0.0033344757772477696,0.0006707529060632234,0.024086021505376344,-0.0018871140378536,0.0061164216403638
v25z_pen_lo,screen_random,worst_rh_b10_p13419,5,25,600,-0.006019427550495437,0.0009805724495045628,False,0.005251300621383015,0.003282190035266863,0.0006707529060632234,0.024086021505376344,-0.0018871140378536,0.0061490398406234
v25z_pen_lo,screen_random,worst_rh_b10_p13419,17,22,600,-0.006455775890383997,0.0005442241096160032,False,0.005439288722553037,0.0033344757772477696,0.0006707529060632234,0.024086021505376344,-0.0018871140378536,0.0061164216403638
v25z_pen_lo,screen_random,worst_rh_b10_p13419,17,25,600,-0.006686465605875186,0.00031353439412481424,False,0.005251300621383015,0.003282190035266863,0.0006707529060632234,0.024086021505376344,-0.0018871140378536,0.0061490398406234
v25z_pen_lo,screen_random,worst_rt_b10_p7064,5,22,600,-0.0063484370344069835,0.0006515629655930166,False,0.005439288722553037,0.0033344757772477696,0.0006707529060632234,0.024086021505376344,-0.0018871140378536,0.0061164216403638
v25z_pen_lo,screen_random,worst_rt_b10_p7064,5,25,600,-0.006678409097736798,0.0003215909022632017,False,0.005251300621383015,0.003282190035266863,0.0006707529060632234,0.024086021505376344,-0.0018871140378536,0.0061490398406234
v25z_pen_lo,screen_random,worst_rt_b10_p7064,17,22,600,-0.005487011744254932,0.0015129882557450682,False,0.005439288722553037,0.0033344757772477696,0.0006707529060632234,0.024086021505376344,-0.0018871140378536,0.0061164216403638
v25z_pen_lo,screen_random,worst_rt_b10_p7064,17,25,600,-0.0057168651842188275,0.0012831348157811727,False,0.005251300621383015,0.003282190035266863,0.0006707529060632234,0.024086021505376344,-0.0018871140378536,0.0061490398406234
v25z_pen_lo,screen_random,worst_rt_b12_p12209,5,22,600,-0.005792759802724368,0.0012072401972756325,False,0.005439288722553037,0.0033344757772477696,0.0006707529060632234,0.024086021505376344,-0.0018871140378536,0.0061164216403638
v25z_pen_lo,screen_random,worst_rt_b12_p12209,5,25,600,-0.006098264594541119,0.0009017354054588807,False,0.005251300621383015,0.003282190035266863,0.0006707529060632234,0.024086021505376344,-0.0018871140378536,0.0061490398406234
v25z_pen_lo,screen_random,worst_rt_b12_p12209,17,22,600,-0.006505290554296999,0.0004947094457030008,False,0.005439288722553037,0.0033344757772477696,0.0006707529060632234,0.024086021505376344,-0.0018871140378536,0.0061164216403638
v25z_pen_lo,screen_random,worst_rt_b12_p12209,17,25,600,-0.006784249696469285,0.00021575030353071512,False,0.005251300621383015,0.003282190035266863,0.0006707529060632234,0.024086021505376344,-0.0018871140378536,0.0061490398406234
v25z_pen_lo,screen_random,worst_rt_b12_p8403,5,22,600,-0.004997187635617423,0.0020028123643825776,False,0.005439288722553037,0.0033344757772477696,0.0006707529060632234,0.024086021505376344,-0.0018871140378536,0.0061164216403638
v25z_pen_lo,screen_random,worst_rt_b12_p8403,5,25,600,-0.0051725741077726815,0.0018274258922273186,False,0.005251300621383015,0.003282190035266863,0.0006707529060632234,0.024086021505376344,-0.0018871140378536,0.0061490398406234
v25z_pen_lo,screen_random,worst_rt_b12_p8403,17,22,600,-0.006618670481398075,0.000381329518601925,False,0.005439288722553037,0.0033344757772477696,0.0006707529060632234,0.024086021505376344,-0.0018871140378536,0.0061164216403638
v25z_pen_lo,screen_random,worst_rt_b12_p8403,17,25,600,-0.006891962363522546,0.00010803763647745414,False,0.005251300621383015,0.003282190035266863,0.0006707529060632234,0.024086021505376344,-0.0018871140378536,0.0061490398406234
v25z_ref,screen_curated,deepcheck_b12_s8080,5,22,600,-0.005432892829390812,0.0015671071706091881,False,0.005439288722553037,0.0033344757772477696,0.0006707529060632234,0.024086021505376344,-0.0018871140378536,0.0061164216403638
v25z_ref,screen_curated,deepcheck_b12_s8080,5,25,600,-0.005726569409134042,0.0012734305908659585,False,0.005251300621383015,0.003282190035266863,0.0006707529060632234,0.024086021505376344,-0.0018871140378536,0.0061490398406234
v25z_ref,screen_curated,deepcheck_b12_s8080,17,22,600,-0.005333783697612271,0.0016662163023877293,False,0.005439288722553037,0.0033344757772477696,0.0006707529060632234,0.024086021505376344,-0.0018871140378536,0.0061164216403638
v25z_ref,screen_curated,deepcheck_b12_s8080,17,25,600,-0.00566636279011834,0.0013336372098816602,False,0.005251300621383015,0.003282190035266863,0.0006707529060632234,0.024086021505376344,-0.0018871140378536,0.0061490398406234
v25z_ref,screen_curated,stress_b14_s7070,5,22,600,-0.005616751632821837,0.001383248367178163,False,0.005439288722553037,0.0033344757772477696,0.0006707529060632234,0.024086021505376344,-0.0018871140378536,0.0061164216403638
v25z_ref,screen_curated,stress_b14_s7070,5,25,600,-0.0060481376901954376,0.0009518623098045626,False,0.005251300621383015,0.003282190035266863,0.0006707529060632234,0.024086021505376344,-0.0018871140378536,0.0061490398406234
v25z_ref,screen_curated,stress_b14_s7070,17,22,600,-0.004424413944056782,0.0025755860559432183,False,0.005439288722553037,0.0033344757772477696,0.0006707529060632234,0.024086021505376344,-0.0018871140378536,0.0061164216403638
v25z_ref,screen_curated,stress_b14_s7070,17,25,600,-0.0046065769153085185,0.0023934230846914817,False,0.005251300621383015,0.003282190035266863,0.0006707529060632234,0.024086021505376344,-0.0018871140378536,0.0061490398406234
v25z_ref,screen_curated,stress_b30_s10010,5,22,600,-0.0032581115742842943,0.003741888425715706,False,0.005439288722553037,0.0033344757772477696,0.0006707529060632234,0.024086021505376344,-0.0018871140378536,0.0061164216403638
v25z_ref,screen_curated,stress_b30_s10010,5,25,600,-0.003457161684689891,0.003542838315310109,False,0.005251300621383015,0.003282190035266863,0.0006707529060632234,0.024086021505376344,-0.0018871140378536,0.0061490398406234
v25z_ref,screen_curated,stress_b30_s10010,17,22,600,-0.003505168801534336,0.003494831198465664,False,0.005439288722553037,0.0033344757772477696,0.0006707529060632234,0.024086021505376344,-0.0018871140378536,0.0061164216403638
v25z_ref,screen_curated,stress_b30_s10010,17,25,600,-0.003705687523578927,0.0032943124764210734,False,0.005251300621383015,0.003282190035266863,0.0006707529060632234,0.024086021505376344,-0.0018871140378536,0.0061490398406234
v25z_ref,screen_random,worst_rh_b10_p13419,5,22,600,-0.00582997710042375,0.00117002289957625,False,0.005439288722553037,0.0033344757772477696,0.0006707529060632234,0.024086021505376344,-0.0018871140378536,0.0061164216403638
v25z_ref,screen_random,worst_rh_b10_p13419,5,25,600,-0.006019427550495437,0.0009805724495045628,False,0.005251300621383015,0.003282190035266863,0.0006707529060632234,0.024086021505376344,-0.0018871140378536,0.0061490398406234
v25z_ref,screen_random,worst_rh_b10_p13419,17,22,600,-0.006455775890383997,0.0005442241096160032,False,0.005439288722553037,0.0033344757772477696,0.0006707529060632234,0.024086021505376344,-0.0018871140378536,0.0061164216403638
v25z_ref,screen_random,worst_rh_b10_p13419,17,25,600,-0.006686465605875186,0.00031353439412481424,False,0.005251300621383015,0.003282190035266863,0.0006707529060632234,0.024086021505376344,-0.0018871140378536,0.0061490398406234
v25z_ref,screen_random,worst_rt_b10_p7064,5,22,600,-0.0063484370344069835,0.0006515629655930166,False,0.005439288722553037,0.0033344757772477696,0.0006707529060632234,0.024086021505376344,-0.0018871140378536,0.0061164216403638
v25z_ref,screen_random,worst_rt_b10_p7064,5,25,600,-0.006678409097736798,0.0003215909022632017,False,0.005251300621383015,0.003282190035266863,0.0006707529060632234,0.024086021505376344,-0.0018871140378536,0.0061490398406234
v25z_ref,screen_random,worst_rt_b10_p7064,17,22,600,-0.005487011744254932,0.0015129882557450682,False,0.005439288722553037,0.0033344757772477696,0.0006707529060632234,0.024086021505376344,-0.0018871140378536,0.0061164216403638
v25z_ref,screen_random,worst_rt_b10_p7064,17,25,600,-0.0057168651842188275,0.0012831348157811727,False,0.005251300621383015,0.003282190035266863,0.0006707529060632234,0.024086021505376344,-0.0018871140378536,0.0061490398406234
v25z_ref,screen_random,worst_rt_b12_p12209,5,22,600,-0.005792759802724368,0.0012072401972756325,False,0.005439288722553037,0.0033344757772477696,0.0006707529060632234,0.024086021505376344,-0.0018871140378536,0.0061164216403638
v25z_ref,screen_random,worst_rt_b12_p12209,5,25,600,-0.006098264594541119,0.0009017354054588807,False,0.005251300621383015,0.003282190035266863,0.0006707529060632234,0.024086021505376344,-0.0018871140378536,0.0061490398406234
v25z_ref,screen_random,worst_rt_b12_p12209,17,22,600,-0.006505290554296999,0.0004947094457030008,False,0.005439288722553037,0.0033344757772477696,0.0006707529060632234,0.024086021505376344,-0.0018871140378536,0.0061164216403638
v25z_ref,screen_random,worst_rt_b12_p12209,17,25,600,-0.006784249696469285,0.00021575030353071512,False,0.005251300621383015,0.003282190035266863,0.0006707529060632234,0.024086021505376344,-0.0018871140378536,0.0061490398406234
v25z_ref,screen_random,worst_rt_b12_p8403,5,22,600,-0.004997187635617423,0.0020028123643825776,False,0.005439288722553037,0.0033344757772477696,0.0006707529060632234,0.024086021505376344,-0.0018871140378536,0.0061164216403638
v25z_ref,screen_random,worst_rt_b12_p8403,5,25,600,-0.0051725741077726815,0.0018274258922273186,False,0.005251300621383015,0.003282190035266863,0.0006707529060632234,0.024086021505376344,-0.0018871140378536,0.0061490398406234
v25z_ref,screen_random,worst_rt_b12_p8403,17,22,600,-0.006618670481398075,0.000381329518601925,False,0.005439288722553037,0.0033344757772477696,0.0006707529060632234,0.024086021505376344,-0.0018871140378536,0.0061164216403638
v25z_ref,screen_random,worst_rt_b12_p8403,17,25,600,-0.006891962363522546,0.00010803763647745414,False,0.005251300621383015,0.003282190035266863,0.0006707529060632234,0.024086021505376344,-0.0018871140378536,0.0061490398406234
v25z_ridge_hi,screen_curated,deepcheck_b12_s8080,5,22,600,-0.00543288834083327,0.0015671116591667303,False,0.005439287835980533,0.0033344752960058344,0.0006707527088361768,0.024086021505376344,-0.0018871131543778,0.0061164185191828
v25z_ridge_hi,screen_curated,deepcheck_b12_s8080,5,25,600,-0.005726568467715032,0.001273431532284968,False,0.005251299790633412,0.003282189567674676,0.0006707527088361768,0.024086021505376344,-0.0018871131543778,0.0061490367093043
v25z_ridge_hi,screen_curated,deepcheck_b12_s8080,17,22,600,-0.0053337837973574335,0.0016662162026425667,False,0.005439287835980533,0.0033344752960058344,0.0006707527088361768,0.024086021505376344,-0.0018871131543778,0.0061164185191828
v25z_ridge_hi,screen_curated,deepcheck_b12_s8080,17,25,600,-0.0056663564793240475,0.0013336435206759527,False,0.005251299790633412,0.003282189567674676,0.0006707527088361768,0.024086021505376344,-0.0018871131543778,0.0061490367093043
v25z_ridge_hi,screen_curated,stress_b14_s7070,5,22,600,-0.005616745924127081,0.0013832540758729195,False,0.005439287835980533,0.0033344752960058344,0.0006707527088361768,0.024086021505376344,-0.0018871131543778,0.0061164185191828
v25z_ridge_hi,screen_curated,stress_b14_s7070,5,25,600,-0.006048131586218569,0.0009518684137814308,False,0.005251299790633412,0.003282189567674676,0.0006707527088361768,0.024086021505376344,-0.0018871131543778,0.0061490367093043
v25z_ridge_hi,screen_curated,stress_b14_s7070,17,22,600,-0.004424413186806681,0.0025755868131933195,False,0.005439287835980533,0.0033344752960058344,0.0006707527088361768,0.024086021505376344,-0.0018871131543778,0.0061164185191828
v25z_ridge_hi,screen_curated,stress_b14_s7070,17,25,600,-0.0046065762520732245,0.0023934237479267756,False,0.005251299790633412,0.003282189567674676,0.0006707527088361768,0.024086021505376344,-0.0018871131543778,0.0061490367093043
v25z_ridge_hi,screen_curated,stress_b30_s10010,5,22,600,-0.003258110444066808,0.0037418895559331923,False,0.005439287835980533,0.0033344752960058344,0.0006707527088361768,0.024086021505376344,-0.0018871131543778,0.0061164185191828
v25z_ridge_hi,screen_curated,stress_b30_s10010,5,25,600,-0.0034571574789369506,0.0035428425210630495,False,0.005251299790633412,0.003282189567674676,0.0006707527088361768,0.024086021505376344,-0.0018871131543778,0.0061490367093043
v25z_ridge_hi,screen_curated,stress_b30_s10010,17,22,600,-0.0035051677198226325,0.0034948322801773677,False,0.005439287835980533,0.0033344752960058344,0.0006707527088361768,0.024086021505376344,-0.0018871131543778,0.0061164185191828
v25z_ridge_hi,screen_curated,stress_b30_s10010,17,25,600,-0.0037056873641122313,0.003294312635887769,False,0.005251299790633412,0.003282189567674676,0.0006707527088361768,0.024086021505376344,-0.0018871131543778,0.0061490367093043
v25z_ridge_hi,screen_random,worst_rh_b10_p13419,5,22,600,-0.005829975241100705,0.0011700247588992954,False,0.005439287835980533,0.0033344752960058344,0.0006707527088361768,0.024086021505376344,-0.0018871131543778,0.0061164185191828
v25z_ridge_hi,screen_random,worst_rh_b10_p13419,5,25,600,-0.006019425456036576,0.0009805745439634243,False,0.005251299790633412,0.003282189567674676,0.0006707527088361768,0.024086021505376344,-0.0018871131543778,0.0061490367093043
v25z_ridge_hi,screen_random,worst_rh_b10_p13419,17,22,600,-0.0064557740313046785,0.0005442259686953216,False,0.005439287835980533,0.0033344752960058344,0.0006707527088361768,0.024086021505376344,-0.0018871131543778,0.0061164185191828
v25z_ridge_hi,screen_random,worst_rh_b10_p13419,17,25,600,-0.006686463669837534,0.0003135363301624665,False,0.005251299790633412,0.003282189567674676,0.0006707527088361768,0.024086021505376344,-0.0018871131543778,0.0061490367093043
v25z_ridge_hi,screen_random,worst_rt_b10_p7064,5,22,600,-0.0063484299836074004,0.0006515700163925997,False,0.005439287835980533,0.0033344752960058344,0.0006707527088361768,0.024086021505376344,-0.0018871131543778,0.0061164185191828
v25z_ridge_hi,screen_random,worst_rt_b10_p7064,5,25,600,-0.0066784070688932886,0.0003215929311067116,False,0.005251299790633412,0.003282189567674676,0.0006707527088361768,0.024086021505376344,-0.0018871131543778,0.0061490367093043
v25z_ridge_hi,screen_random,worst_rt_b10_p7064,17,22,600,-0.005487010518498514,0.0015129894815014864,False,0.005439287835980533,0.0033344752960058344,0.0006707527088361768,0.024086021505376344,-0.0018871131543778,0.0061164185191828
v25z_ridge_hi,screen_random,worst_rt_b10_p7064,17,25,600,-0.005716863105512931,0.0012831368944870693,False,0.005251299790633412,0.003282189567674676,0.0006707527088361768,0.024086021505376344,-0.0018871131543778,0.0061490367093043
v25z_ridge_hi,screen_random,worst_rt_b12_p12209,5,22,600,-0.005792753061636996,0.001207246938363004,False,0.005439287835980533,0.0033344752960058344,0.0006707527088361768,0.024086021505376344,-0.0018871131543778,0.0061164185191828
v25z_ridge_hi,screen_random,worst_rt_b12_p12209,5,25,600,-0.006098262675696564,0.0009017373243034362,False,0.005251299790633412,0.003282189567674676,0.0006707527088361768,0.024086021505376344,-0.0018871131543778,0.0061490367093043
v25z_ridge_hi,screen_random,worst_rt_b12_p12209,17,22,600,-0.006505286125512044,0.0004947138744879559,False,0.005439287835980533,0.0033344752960058344,0.0006707527088361768,0.024086021505376344,-0.0018871131543778,0.0061164185191828
v25z_ridge_hi,screen_random,worst_rt_b12_p12209,17,25,600,-0.006784240753825538,0.00021575924617446215,False,0.005251299790633412,0.003282189567674676,0.0006707527088361768,0.024086021505376344,-0.0018871131543778,0.0061490367093043
v25z_ridge_hi,screen_random,worst_rt_b12_p8403,5,22,600,-0.00499718827112477,0.0020028117288752303,False,0.005439287835980533,0.0033344752960058344,0.0006707527088361768,0.024086021505376344,-0.0018871131543778,0.0061164185191828
v25z_ridge_hi,screen_random,worst_rt_b12_p8403,5,25,600,-0.005172572767960842,0.0018274272320391582,False,0.005251299790633412,0.003282189567674676,0.0006707527088361768,0.024086021505376344,-0.0018871131543778,0.0061490367093043
v25z_ridge_hi,screen_random,worst_rt_b12_p8403,17,22,600,-0.006618668730031152,0.000381331269968848,False,0.005439287835980533,0.0033344752960058344,0.0006707527088361768,0.024086021505376344,-0.0018871131543778,0.0061164185191828
v25z_ridge_hi,screen_random,worst_rt_b12_p8403,17,25,600,-0.006891960493961202,0.00010803950603879842,False,0.005251299790633412,0.003282189567674676,0.0006707527088361768,0.024086021505376344,-0.0018871131543778,0.0061490367093043
v25z_ridge_lo,screen_curated,deepcheck_b12_s8080,5,22,600,-0.005432897317952568,0.0015671026820474323,False,0.005439289609126608,0.003334476258490149,0.0006707531032904744,0.024086021505376344,-0.0018871149213303,0.0061164247615485
v25z_ridge_lo,screen_curated,deepcheck_b12_s8080,5,25,600,-0.005726570350556531,0.001273429649443469,False,0.0052513014521347046,0.003282190502862825,0.0006707531032904744,0.024086021505376344,-0.0018871149213303,0.0061490429719461
v25z_ridge_lo,screen_curated,deepcheck_b12_s8080,17,22,600,-0.005333783597864056,0.0016662164021359442,False,0.005439289609126608,0.003334476258490149,0.0006707531032904744,0.024086021505376344,-0.0018871149213303,0.0061164247615485
v25z_ridge_lo,screen_curated,deepcheck_b12_s8080,17,25,600,-0.005666369100922347,0.0013336308990776532,False,0.0052513014521347046,0.003282190502862825,0.0006707531032904744,0.024086021505376344,-0.0018871149213303,0.0061490429719461
v25z_ridge_lo,screen_curated,stress_b14_s7070,5,22,600,-0.005616757341521406,0.0013832426584785944,False,0.005439289609126608,0.003334476258490149,0.0006707531032904744,0.024086021505376344,-0.0018871149213303,0.0061164247615485
v25z_ridge_lo,screen_curated,stress_b14_s7070,5,25,600,-0.006048143794175831,0.0009518562058241694,False,0.0052513014521347046,0.003282190502862825,0.0006707531032904744,0.024086021505376344,-0.0018871149213303,0.0061490429719461
v25z_ridge_lo,screen_curated,stress_b14_s7070,17,22,600,-0.004424414701300888,0.0025755852986991123,False,0.005439289609126608,0.003334476258490149,0.0006707531032904744,0.024086021505376344,-0.0018871149213303,0.0061164247615485
v25z_ridge_lo,screen_curated,stress_b14_s7070,17,25,600,-0.00460657757854388,0.00239342242145612,False,0.0052513014521347046,0.003282190502862825,0.0006707531032904744,0.024086021505376344,-0.0018871149213303,0.0061490429719461
v25z_ridge_lo,screen_curated,stress_b30_s10010,5,22,600,-0.003258112704499438,0.003741887295500562,False,0.005439289609126608,0.003334476258490149,0.0006707531032904744,0.024086021505376344,-0.0018871149213303,0.0061164247615485
v25z_ridge_lo,screen_curated,stress_b30_s10010,5,25,600,-0.0034571658904467895,0.0035428341095532106,False,0.0052513014521347046,0.003282190502862825,0.0006707531032904744,0.024086021505376344,-0.0018871149213303,0.0061490429719461
v25z_ridge_lo,screen_curated,stress_b30_s10010,17,22,600,-0.003505169883241343,0.003494830116758657,False,0.005439289609126608,0.003334476258490149,0.0006707531032904744,0.024086021505376344,-0.0018871149213303,0.0061164247615485
v25z_ridge_lo,screen_curated,stress_b30_s10010,17,25,600,-0.0037056876830426633,0.003294312316957337,False,0.0052513014521347046,0.003282190502862825,0.0006707531032904744,0.024086021505376344,-0.0018871149213303,0.0061490429719461
v25z_ridge_lo,screen_random,worst_rh_b10_p13419,5,22,600,-0.005829978959739824,0.0011700210402601765,False,0.005439289609126608,0.003334476258490149,0.0006707531032904744,0.024086021505376344,-0.0018871149213303,0.0061164247615485
v25z_ridge_lo,screen_random,worst_rh_b10_p13419,5,25,600,-0.006019429644945645,0.000980570355054355,False,0.0052513014521347046,0.003282190502862825,0.0006707531032904744,0.024086021505376344,-0.0018871149213303,0.0061490429719461
v25z_ridge_lo,screen_random,worst_rh_b10_p13419,17,22,600,-0.006455777749456526,0.0005442222505434744,False,0.005439289609126608,0.003334476258490149,0.0006707531032904744,0.024086021505376344,-0.0018871149213303,0.0061164247615485
v25z_ridge_lo,screen_random,worst_rh_b10_p13419,17,25,600,-0.00668646754190928,0.0003135324580907199,False,0.0052513014521347046,0.003282190502862825,0.0006707531032904744,0.024086021505376344,-0.0018871149213303,0.0061490429719461
v25z_ridge_lo,screen_random,worst_rt_b10_p7064,5,22,600,-0.006348444085216387,0.0006515559147836133,False,0.005439289609126608,0.003334476258490149,0.0006707531032904744,0.024086021505376344,-0.0018871149213303,0.0061164247615485
v25z_ridge_lo,screen_random,worst_rt_b10_p7064,5,25,600,-0.006678411126582573,0.0003215888734174272,False,0.0052513014521347046,0.003282190502862825,0.0006707531032904744,0.024086021505376344,-0.0018871149213303,0.0061490429719461
v25z_ridge_lo,screen_random,worst_rt_b10_p7064,17,22,600,-0.00548701297001165,0.0015129870299883498,False,0.005439289609126608,0.003334476258490149,0.0006707531032904744,0.024086021505376344,-0.0018871149213303,0.0061164247615485
v25z_ridge_lo,screen_random,worst_rt_b10_p7064,17,25,600,-0.005716867262922603,0.0012831327370773976,False,0.0052513014521347046,0.003282190502862825,0.0006707531032904744,0.024086021505376344,-0.0018871149213303,0.0061490429719461
v25z_ridge_lo,screen_random,worst_rt_b12_p12209,5,22,600,-0.005792766543820061,0.0012072334561799396,False,0.005439289609126608,0.003334476258490149,0.0006707531032904744,0.024086021505376344,-0.0018871149213303,0.0061164247615485
v25z_ridge_lo,screen_random,worst_rt_b12_p12209,5,25,600,-0.0060982665133809955,0.0009017334866190047,False,0.0052513014521347046,0.003282190502862825,0.0006707531032904744,0.024086021505376344,-0.0018871149213303,0.0061490429719461
v25z_ridge_lo,screen_random,worst_rt_b12_p12209,17,22,600,-0.006505294983079529,0.0004947050169204709,False,0.005439289609126608,0.003334476258490149,0.0006707531032904744,0.024086021505376344,-0.0018871149213303,0.0061164247615485
v25z_ridge_lo,screen_random,worst_rt_b12_p12209,17,25,600,-0.006784258639119711,0.0002157413608802894,False,0.0052513014521347046,0.003282190502862825,0.0006707531032904744,0.024086021505376344,-0.0018871149213303,0.0061490429719461
v25z_ridge_lo,screen_random,worst_rt_b12_p8403,5,22,600,-0.004997187000105235,0.0020028129998947647,False,0.005439289609126608,0.003334476258490149,0.0006707531032904744,0.024086021505376344,-0.0018871149213303,0.0061164247615485
v25z_ridge_lo,screen_random,worst_rt_b12_p8403,5,25,600,-0.0051725754475818175,0.0018274245524181826,False,0.0052513014521347046,0.003282190502862825,0.0006707531032904744,0.024086021505376344,-0.0018871149213303,0.0061490429719461
v25z_ridge_lo,screen_random,worst_rt_b12_p8403,17,22,600,-0.006618672232767936,0.0003813277672320642,False,0.005439289609126608,0.003334476258490149,0.0006707531032904744,0.024086021505376344,-0.0018871149213303,0.0061164247615485
v25z_ridge_lo,screen_random,worst_rt_b12_p8403,17,25,600,-0.006891964233083469,0.0001080357669165314,False,0.0052513014521347046,0.003282190502862825,0.0006707531032904744,0.024086021505376344,-0.0018871149213303,0.0061490429719461
v25z_smooth_hi,screen_curated,deepcheck_b12_s8080,5,22,600,-0.007023344330482012,-2.334433048201221e-05,True,0.004708665143794244,0.0011996234253992544,0.0006207053859800409,0.022365591397849462,-0.0018895760715064,0.0061183535513806
v25z_smooth_hi,screen_curated,deepcheck_b12_s8080,5,25,600,-0.007130927970147316,-0.00013092797014731608,True,0.004534456887855365,0.0010604347977603013,0.0006207053859800409,0.022365591397849462,-0.0018895760715064,0.006151111950212
v25z_smooth_hi,screen_curated,deepcheck_b12_s8080,17,22,600,-0.006726617575880567,0.0002733824241194331,False,0.004708665143794244,0.0011996234253992544,0.0006207053859800409,0.022365591397849462,-0.0018895760715064,0.0061183535513806
v25z_smooth_hi,screen_curated,deepcheck_b12_s8080,17,25,600,-0.006902322642636732,9.767735736326832e-05,False,0.004534456887855365,0.0010604347977603013,0.0006207053859800409,0.022365591397849462,-0.0018895760715064,0.006151111950212
v25z_smooth_hi,screen_curated,stress_b14_s7070,5,22,600,-0.006720876907149692,0.0002791230928503082,False,0.004708665143794244,0.0011996234253992544,0.0006207053859800409,0.022365591397849462,-0.0018895760715064,0.0061183535513806
v25z_smooth_hi,screen_curated,stress_b14_s7070,5,25,600,-0.0070596077660898815,-5.960776608988135e-05,True,0.004534456887855365,0.0010604347977603013,0.0006207053859800409,0.022365591397849462,-0.0018895760715064,0.006151111950212
v25z_smooth_hi,screen_curated,stress_b14_s7070,17,22,600,-0.006486647139597052,0.0005133528604029484,False,0.004708665143794244,0.0011996234253992544,0.0006207053859800409,0.022365591397849462,-0.0018895760715064,0.0061183535513806
v25z_smooth_hi,screen_curated,stress_b14_s7070,17,25,600,-0.006833991283535662,0.00016600871646433799,False,0.004534456887855365,0.0010604347977603013,0.0006207053859800409,0.022365591397849462,-0.0018895760715064,0.006151111950212
v25z_smooth_hi,screen_curated,stress_b30_s10010,5,22,600,-0.0052310849780486226,0.0017689150219513776,False,0.004708665143794244,0.0011996234253992544,0.0006207053859800409,0.022365591397849462,-0.0018895760715064,0.0061183535513806
v25z_smooth_hi,screen_curated,stress_b30_s10010,5,25,600,-0.0053338218282742485,0.0016661781717257516,False,0.004534456887855365,0.0010604347977603013,0.0006207053859800409,0.022365591397849462,-0.0018895760715064,0.006151111950212
v25z_smooth_hi,screen_curated,stress_b30_s10010,17,22,600,-0.005312198236529763,0.0016878017634702367,False,0.004708665143794244,0.0011996234253992544,0.0006207053859800409,0.022365591397849462,-0.0018895760715064,0.0061183535513806
v25z_smooth_hi,screen_curated,stress_b30_s10010,17,25,600,-0.0054338649746223985,0.0015661350253776017,False,0.004534456887855365,0.0010604347977603013,0.0006207053859800409,0.022365591397849462,-0.0018895760715064,0.006151111950212
v25z_smooth_hi,screen_random,worst_rh_b10_p13419,5,22,600,-0.007745855888714515,-0.0007458558887145144,True,0.004708665143794244,0.0011996234253992544,0.0006207053859800409,0.022365591397849462,-0.0018895760715064,0.0061183535513806
v25z_smooth_hi,screen_random,worst_rh_b10_p13419,5,25,600,-0.00783950443802147,-0.0008395044380214703,True,0.004534456887855365,0.0010604347977603013,0.0006207053859800409,0.022365591397849462,-0.0018895760715064,0.006151111950212
v25z_smooth_hi,screen_random,worst_rh_b10_p13419,17,22,600,-0.007538734350915171,-0.000538734350915171,True,0.004708665143794244,0.0011996234253992544,0.0006207053859800409,0.022365591397849462,-0.0018895760715064,0.0061183535513806
v25z_smooth_hi,screen_random,worst_rh_b10_p13419,17,25,600,-0.007669738934517017,-0.0006697389345170172,True,0.004534456887855365,0.0010604347977603013,0.0006207053859800409,0.022365591397849462,-0.0018895760715064,0.006151111950212
v25z_smooth_hi,screen_random,worst_rt_b10_p7064,5,22,600,-0.007775593542101533,-0.0007755935421015327,True,0.004708665143794244,0.0011996234253992544,0.0006207053859800409,0.022365591397849462,-0.0018895760715064,0.0061183535513806
v25z_smooth_hi,screen_random,worst_rt_b10_p7064,5,25,600,-0.008028124380664714,-0.0010281243806647142,True,0.004534456887855365,0.0010604347977603013,0.0006207053859800409,0.022365591397849462,-0.0018895760715064,0.006151111950212
v25z_smooth_hi,screen_random,worst_rt_b10_p7064,17,22,600,-0.007676655155768292,-0.0006766551557682915,True,0.004708665143794244,0.0011996234253992544,0.0006207053859800409,0.022365591397849462,-0.0018895760715064,0.0061183535513806
v25z_smooth_hi,screen_random,worst_rt_b10_p7064,17,25,600,-0.007834944637863661,-0.000834944637863661,True,0.004534456887855365,0.0010604347977603013,0.0006207053859800409,0.022365591397849462,-0.0018895760715064,0.006151111950212
v25z_smooth_hi,screen_random,worst_rt_b12_p12209,5,22,600,-0.006961372556053269,3.862744394673122e-05,False,0.004708665143794244,0.0011996234253992544,0.0006207053859800409,0.022365591397849462,-0.0018895760715064,0.0061183535513806
v25z_smooth_hi,screen_random,worst_rt_b12_p12209,5,25,600,-0.0071536914009499904,-0.0001536914009499903,True,0.004534456887855365,0.0010604347977603013,0.0006207053859800409,0.022365591397849462,-0.0018895760715064,0.006151111950212
v25z_smooth_hi,screen_random,worst_rt_b12_p12209,17,22,600,-0.007000792285131713,-7.922851317128388e-07,True,0.004708665143794244,0.0011996234253992544,0.0006207053859800409,0.022365591397849462,-0.0018895760715064,0.0061183535513806
v25z_smooth_hi,screen_random,worst_rt_b12_p12209,17,25,600,-0.0072155394124589645,-0.0002155394124589644,True,0.004534456887855365,0.0010604347977603013,0.0006207053859800409,0.022365591397849462,-0.0018895760715064,0.006151111950212
v25z_smooth_hi,screen_random,worst_rt_b12_p8403,5,22,600,-0.006943732293636645,5.626770636335543e-05,False,0.004708665143794244,0.0011996234253992544,0.0006207053859800409,0.022365591397849462,-0.0018895760715064,0.0061183535513806
v25z_smooth_hi,screen_random,worst_rt_b12_p8403,5,25,600,-0.007049445873135785,-4.944587313578455e-05,True,0.004534456887855365,0.0010604347977603013,0.0006207053859800409,0.022365591397849462,-0.0018895760715064,0.006151111950212
v25z_smooth_hi,screen_random,worst_rt_b12_p8403,17,22,600,-0.007402162841972215,-0.0004021628419722152,True,0.004708665143794244,0.0011996234253992544,0.0006207053859800409,0.022365591397849462,-0.0018895760715064,0.0061183535513806
v25z_smooth_hi,screen_random,worst_rt_b12_p8403,17,25,600,-0.007669918764276956,-0.0006699187642769562,True,0.004534456887855365,0.0010604347977603013,0.0006207053859800409,0.022365591397849462,-0.0018895760715064,0.006151111950212
v25z_smooth_lo,screen_curated,deepcheck_b12_s8080,5,22,600,-0.008796900128560502,-0.0017969001285605022,True,0.0044451687332631275,0.0009834633235032975,0.0005416322673732759,0.019784946236559138,-0.0018846647343342,0.0062134917657424
v25z_smooth_lo,screen_curated,deepcheck_b12_s8080,5,25,600,-0.00915316267154967,-0.0021531626715496693,True,0.004293934557649548,0.0006585192669634754,0.0005416322673732759,0.019784946236559138,-0.0018846647343342,0.0063214417806002
v25z_smooth_lo,screen_curated,deepcheck_b12_s8080,17,22,600,-0.009359920002010956,-0.0023599200020109562,True,0.0044451687332631275,0.0009834633235032975,0.0005416322673732759,0.019784946236559138,-0.0018846647343342,0.0062134917657424
v25z_smooth_lo,screen_curated,deepcheck_b12_s8080,17,25,600,-0.009708180658071669,-0.0027081806580716685,True,0.004293934557649548,0.0006585192669634754,0.0005416322673732759,0.019784946236559138,-0.0018846647343342,0.0063214417806002
v25z_smooth_lo,screen_curated,stress_b14_s7070,5,22,600,-0.008598089215472598,-0.0015980892154725977,True,0.0044451687332631275,0.0009834633235032975,0.0005416322673732759,0.019784946236559138,-0.0018846647343342,0.0062134917657424
v25z_smooth_lo,screen_curated,stress_b14_s7070,5,25,600,-0.008940732021367609,-0.0019407320213676088,True,0.004293934557649548,0.0006585192669634754,0.0005416322673732759,0.019784946236559138,-0.0018846647343342,0.0063214417806002
v25z_smooth_lo,screen_curated,stress_b14_s7070,17,22,600,-0.008015160612815375,-0.001015160612815375,True,0.0044451687332631275,0.0009834633235032975,0.0005416322673732759,0.019784946236559138,-0.0018846647343342,0.0062134917657424
v25z_smooth_lo,screen_curated,stress_b14_s7070,17,25,600,-0.00847699121525135,-0.0014769912152513493,True,0.004293934557649548,0.0006585192669634754,0.0005416322673732759,0.019784946236559138,-0.0018846647343342,0.0063214417806002
v25z_smooth_lo,screen_curated,stress_b30_s10010,5,22,600,-0.007689329859129823,-0.0006893298591298226,True,0.0044451687332631275,0.0009834633235032975,0.0005416322673732759,0.019784946236559138,-0.0018846647343342,0.0062134917657424
v25z_smooth_lo,screen_curated,stress_b30_s10010,5,25,600,-0.008365379117847132,-0.0013653791178471321,True,0.004293934557649548,0.0006585192669634754,0.0005416322673732759,0.019784946236559138,-0.0018846647343342,0.0063214417806002
v25z_smooth_lo,screen_curated,stress_b30_s10010,17,22,600,-0.007797111414190538,-0.0007971114141905374,True,0.0044451687332631275,0.0009834633235032975,0.0005416322673732759,0.019784946236559138,-0.0018846647343342,0.0062134917657424
v25z_smooth_lo,screen_curated,stress_b30_s10010,17,25,600,-0.008278900892334583,-0.0012789008923345833,True,0.004293934557649548,0.0006585192669634754,0.0005416322673732759,0.019784946236559138,-0.0018846647343342,0.0063214417806002
v25z_smooth_lo,screen_random,worst_rh_b10_p13419,5,22,600,-0.010250477582150717,-0.0032504775821507173,True,0.0044451687332631275,0.0009834633235032975,0.0005416322673732759,0.019784946236559138,-0.0018846647343342,0.0062134917657424
v25z_smooth_lo,screen_random,worst_rh_b10_p13419,5,25,600,-0.010515834940306312,-0.0035158349403063118,True,0.004293934557649548,0.0006585192669634754,0.0005416322673732759,0.019784946236559138,-0.0018846647343342,0.0063214417806002
v25z_smooth_lo,screen_random,worst_rh_b10_p13419,17,22,600,-0.009168502978074294,-0.0021685029780742935,True,0.0044451687332631275,0.0009834633235032975,0.0005416322673732759,0.019784946236559138,-0.0018846647343342,0.0062134917657424
v25z_smooth_lo,screen_random,worst_rh_b10_p13419,17,25,600,-0.009552119400352993,-0.002552119400352993,True,0.004293934557649548,0.0006585192669634754,0.0005416322673732759,0.019784946236559138,-0.0018846647343342,0.0063214417806002
v25z_smooth_lo,screen_random,worst_rt_b10_p7064,5,22,600,-0.009247355596671364,-0.0022473555966713637,True,0.0044451687332631275,0.0009834633235032975,0.0005416322673732759,0.019784946236559138,-0.0018846647343342,0.0062134917657424
v25z_smooth_lo,screen_random,worst_rt_b10_p7064,5,25,600,-0.009577306925553291,-0.002577306925553291,True,0.004293934557649548,0.0006585192669634754,0.0005416322673732759,0.019784946236559138,-0.0018846647343342,0.0063214417806002
v25z_smooth_lo,screen_random,worst_rt_b10_p7064,17,22,600,-0.00852419981494219,-0.0015241998149421896,True,0.0044451687332631275,0.0009834633235032975,0.0005416322673732759,0.019784946236559138,-0.0018846647343342,0.0062134917657424
v25z_smooth_lo,screen_random,worst_rt_b10_p7064,17,25,600,-0.008908086540767579,-0.001908086540767579,True,0.004293934557649548,0.0006585192669634754,0.0005416322673732759,0.019784946236559138,-0.0018846647343342,0.0063214417806002
v25z_smooth_lo,screen_random,worst_rt_b12_p12209,5,22,600,-0.009253965243330475,-0.002253965243330475,True,0.0044451687332631275,0.0009834633235032975,0.0005416322673732759,0.019784946236559138,-0.0018846647343342,0.0062134917657424
v25z_smooth_lo,screen_random,worst_rt_b12_p12209,5,25,600,-0.009663286158632206,-0.0026632861586322063,True,0.004293934557649548,0.0006585192669634754,0.0005416322673732759,0.019784946236559138,-0.0018846647343342,0.0063214417806002
v25z_smooth_lo,screen_random,worst_rt_b12_p12209,17,22,600,-0.009355289422313012,-0.002355289422313012,True,0.0044451687332631275,0.0009834633235032975,0.0005416322673732759,0.019784946236559138,-0.0018846647343342,0.0062134917657424
v25z_smooth_lo,screen_random,worst_rt_b12_p12209,17,25,600,-0.009687432331249324,-0.002687432331249324,True,0.004293934557649548,0.0006585192669634754,0.0005416322673732759,0.019784946236559138,-0.0018846647343342,0.0063214417806002
v25z_smooth_lo,screen_random,worst_rt_b12_p8403,5,22,600,-0.008917228236863394,-0.0019172282368633943,True,0.0044451687332631275,0.0009834633235032975,0.0005416322673732759,0.019784946236559138,-0.0018846647343342,0.0062134917657424
v25z_smooth_lo,screen_random,worst_rt_b12_p8403,5,25,600,-0.009155547211435543,-0.0021555472114355425,True,0.004293934557649548,0.0006585192669634754,0.0005416322673732759,0.019784946236559138,-0.0018846647343342,0.0063214417806002
v25z_smooth_lo,screen_random,worst_rt_b12_p8403,17,22,600,-0.009036746287897884,-0.0020367462878978842,True,0.0044451687332631275,0.0009834633235032975,0.0005416322673732759,0.019784946236559138,-0.0018846647343342,0.0062134917657424
v25z_smooth_lo,screen_random,worst_rt_b12_p8403,17,25,600,-0.00934164582554227,-0.0023416458255422707,True,0.004293934557649548,0.0006585192669634754,0.0005416322673732759,0.019784946236559138,-0.0018846647343342,0.0063214417806002
