variant,scenario,envelope,path_bootstrap_block_size,path_bootstrap_seed,seed,transaction_cost_bps,mean_test_relative,robust_min_test_relative,mean_turnover,mean_executed_step_rate,worst_daily_relative_return,worst_relative_drawdown,path_bootstrap_robust_min_p05
v25r_n8,random_holdout_b11_p13416,random_holdout,11,13416,5,22,0.005384220548819973,0.003339607721937199,0.0006714764520370678,0.024086021505376344,-0.0018900190598922,0.0061258173939277,-0.006089397119381389
v25r_n8,random_holdout_b11_p13416,random_holdout,11,13416,11,22,0.005384220548819973,0.003339607721937199,0.0006714764520370678,0.024086021505376344,-0.0018900190598922,0.0061258173939277,-0.005416798824559493
v25r_n8,random_holdout_b11_p13416,random_holdout,11,13416,17,22,0.005384220548819973,0.003339607721937199,0.0006714764520370678,0.024086021505376344,-0.0018900190598922,0.0061258173939277,-0.00497470830794382
v25r_n8,random_holdout_b11_p13416,random_holdout,11,13416,29,22,0.005384220548819973,0.003339607721937199,0.0006714764520370678,0.024086021505376344,-0.0018900190598922,0.0061258173939277,-0.005783058593199298
v25r_n8,random_holdout_b11_p13416,random_holdout,11,13416,5,25,0.005195956249227418,0.003287241307322386,0.0006714764520370678,0.024086021505376344,-0.0018900190598922,0.00615848550879,-0.006392767711683971
v25r_n8,random_holdout_b11_p13416,random_holdout,11,13416,11,25,0.005195956249227418,0.003287241307322386,0.0006714764520370678,0.024086021505376344,-0.0018900190598922,0.00615848550879,-0.0055754011937442505
v25r_n8,random_holdout_b11_p13416,random_holdout,11,13416,17,25,0.005195956249227418,0.003287241307322386,0.0006714764520370678,0.024086021505376344,-0.0018900190598922,0.00615848550879,-0.00535857182480155
v25r_n8,random_holdout_b11_p13416,random_holdout,11,13416,29,25,0.005195956249227418,0.003287241307322386,0.0006714764520370678,0.024086021505376344,-0.0018900190598922,0.00615848550879,-0.005980007332583392
v25r_n8,random_holdout_b11_p6384,random_holdout,11,6384,5,22,0.005384220548819973,0.003339607721937199,0.0006714764520370678,0.024086021505376344,-0.0018900190598922,0.0061258173939277,-0.005182458706850323
v25r_n8,random_holdout_b11_p6384,random_holdout,11,6384,11,22,0.005384220548819973,0.003339607721937199,0.0006714764520370678,0.024086021505376344,-0.0018900190598922,0.0061258173939277,-0.005830786603378041
v25r_n8,random_holdout_b11_p6384,random_holdout,11,6384,17,22,0.005384220548819973,0.003339607721937199,0.0006714764520370678,0.024086021505376344,-0.0018900190598922,0.0061258173939277,-0.004964535591314456
v25r_n8,random_holdout_b11_p6384,random_holdout,11,6384,29,22,0.005384220548819973,0.003339607721937199,0.0006714764520370678,0.024086021505376344,-0.0018900190598922,0.0061258173939277,-0.0061071223750381095
v25r_n8,random_holdout_b11_p6384,random_holdout,11,6384,5,25,0.005195956249227418,0.003287241307322386,0.0006714764520370678,0.024086021505376344,-0.0018900190598922,0.00615848550879,-0.0054021688440338824
v25r_n8,random_holdout_b11_p6384,random_holdout,11,6384,11,25,0.005195956249227418,0.003287241307322386,0.0006714764520370678,0.024086021505376344,-0.0018900190598922,0.00615848550879,-0.006013531702579444
v25r_n8,random_holdout_b11_p6384,random_holdout,11,6384,17,25,0.005195956249227418,0.003287241307322386,0.0006714764520370678,0.024086021505376344,-0.0018900190598922,0.00615848550879,-0.00518448854637985
v25r_n8,random_holdout_b11_p6384,random_holdout,11,6384,29,25,0.005195956249227418,0.003287241307322386,0.0006714764520370678,0.024086021505376344,-0.0018900190598922,0.00615848550879,-0.006219084624133003
v25r_n8,random_holdout_b12_p8284,random_holdout,12,8284,5,22,0.005384220548819973,0.003339607721937199,0.0006714764520370678,0.024086021505376344,-0.0018900190598922,0.0061258173939277,-0.005628044048948772
v25r_n8,random_holdout_b12_p8284,random_holdout,12,8284,11,22,0.005384220548819973,0.003339607721937199,0.0006714764520370678,0.024086021505376344,-0.0018900190598922,0.0061258173939277,-0.006187808605311418
v25r_n8,random_holdout_b12_p8284,random_holdout,12,8284,17,22,0.005384220548819973,0.003339607721937199,0.0006714764520370678,0.024086021505376344,-0.0018900190598922,0.0061258173939277,-0.006616920672603105
v25r_n8,random_holdout_b12_p8284,random_holdout,12,8284,29,22,0.005384220548819973,0.003339607721937199,0.0006714764520370678,0.024086021505376344,-0.0018900190598922,0.0061258173939277,-0.004899262395452025
v25r_n8,random_holdout_b12_p8284,random_holdout,12,8284,5,25,0.005195956249227418,0.003287241307322386,0.0006714764520370678,0.024086021505376344,-0.0018900190598922,0.00615848550879,-0.005787340922692962
v25r_n8,random_holdout_b12_p8284,random_holdout,12,8284,11,25,0.005195956249227418,0.003287241307322386,0.0006714764520370678,0.024086021505376344,-0.0018900190598922,0.00615848550879,-0.0064411194075965576
v25r_n8,random_holdout_b12_p8284,random_holdout,12,8284,17,25,0.005195956249227418,0.003287241307322386,0.0006714764520370678,0.024086021505376344,-0.0018900190598922,0.00615848550879,-0.00704798927237073
v25r_n8,random_holdout_b12_p8284,random_holdout,12,8284,29,25,0.005195956249227418,0.003287241307322386,0.0006714764520370678,0.024086021505376344,-0.0018900190598922,0.00615848550879,-0.005228097108007523
v25r_n8,random_holdout_b13_p12612,random_holdout,13,12612,5,22,0.005384220548819973,0.003339607721937199,0.0006714764520370678,0.024086021505376344,-0.0018900190598922,0.0061258173939277,-0.004805539300373994
v25r_n8,random_holdout_b13_p12612,random_holdout,13,12612,11,22,0.005384220548819973,0.003339607721937199,0.0006714764520370678,0.024086021505376344,-0.0018900190598922,0.0061258173939277,-0.005615322265408029
v25r_n8,random_holdout_b13_p12612,random_holdout,13,12612,17,22,0.005384220548819973,0.003339607721937199,0.0006714764520370678,0.024086021505376344,-0.0018900190598922,0.0061258173939277,-0.005563338504735715
v25r_n8,random_holdout_b13_p12612,random_holdout,13,12612,29,22,0.005384220548819973,0.003339607721937199,0.0006714764520370678,0.024086021505376344,-0.0018900190598922,0.0061258173939277,-0.0058023603450714
v25r_n8,random_holdout_b13_p12612,random_holdout,13,12612,5,25,0.005195956249227418,0.003287241307322386,0.0006714764520370678,0.024086021505376344,-0.0018900190598922,0.00615848550879,-0.004947208990436241
v25r_n8,random_holdout_b13_p12612,random_holdout,13,12612,11,25,0.005195956249227418,0.003287241307322386,0.0006714764520370678,0.024086021505376344,-0.0018900190598922,0.00615848550879,-0.005809944414324575
v25r_n8,random_holdout_b13_p12612,random_holdout,13,12612,17,25,0.005195956249227418,0.003287241307322386,0.0006714764520370678,0.024086021505376344,-0.0018900190598922,0.00615848550879,-0.005789017209534742
v25r_n8,random_holdout_b13_p12612,random_holdout,13,12612,29,25,0.005195956249227418,0.003287241307322386,0.0006714764520370678,0.024086021505376344,-0.0018900190598922,0.00615848550879,-0.005991492276990256
v25r_n8,random_holdout_b17_p7370,random_holdout,17,7370,5,22,0.005384220548819973,0.003339607721937199,0.0006714764520370678,0.024086021505376344,-0.0018900190598922,0.0061258173939277,-0.005127062834673374
v25r_n8,random_holdout_b17_p7370,random_holdout,17,7370,11,22,0.005384220548819973,0.003339607721937199,0.0006714764520370678,0.024086021505376344,-0.0018900190598922,0.0061258173939277,-0.005374318838519859
v25r_n8,random_holdout_b17_p7370,random_holdout,17,7370,17,22,0.005384220548819973,0.003339607721937199,0.0006714764520370678,0.024086021505376344,-0.0018900190598922,0.0061258173939277,-0.004357736313517296
v25r_n8,random_holdout_b17_p7370,random_holdout,17,7370,29,22,0.005384220548819973,0.003339607721937199,0.0006714764520370678,0.024086021505376344,-0.0018900190598922,0.0061258173939277,-0.005512811645932714
v25r_n8,random_holdout_b17_p7370,random_holdout,17,7370,5,25,0.005195956249227418,0.003287241307322386,0.0006714764520370678,0.024086021505376344,-0.0018900190598922,0.00615848550879,-0.0053544058073808016
v25r_n8,random_holdout_b17_p7370,random_holdout,17,7370,11,25,0.005195956249227418,0.003287241307322386,0.0006714764520370678,0.024086021505376344,-0.0018900190598922,0.00615848550879,-0.00554784563626578
v25r_n8,random_holdout_b17_p7370,random_holdout,17,7370,17,25,0.005195956249227418,0.003287241307322386,0.0006714764520370678,0.024086021505376344,-0.0018900190598922,0.00615848550879,-0.004779759113513726
v25r_n8,random_holdout_b17_p7370,random_holdout,17,7370,29,25,0.005195956249227418,0.003287241307322386,0.0006714764520370678,0.024086021505376344,-0.0018900190598922,0.00615848550879,-0.00571157660946841
v25r_n8,random_holdout_b18_p11802,random_holdout,18,11802,5,22,0.005384220548819973,0.003339607721937199,0.0006714764520370678,0.024086021505376344,-0.0018900190598922,0.0061258173939277,-0.004624820780398259
v25r_n8,random_holdout_b18_p11802,random_holdout,18,11802,11,22,0.005384220548819973,0.003339607721937199,0.0006714764520370678,0.024086021505376344,-0.0018900190598922,0.0061258173939277,-0.005149603060364305
v25r_n8,random_holdout_b18_p11802,random_holdout,18,11802,17,22,0.005384220548819973,0.003339607721937199,0.0006714764520370678,0.024086021505376344,-0.0018900190598922,0.0061258173939277,-0.004493213010267144
v25r_n8,random_holdout_b18_p11802,random_holdout,18,11802,29,22,0.005384220548819973,0.003339607721937199,0.0006714764520370678,0.024086021505376344,-0.0018900190598922,0.0061258173939277,-0.0045905798809758366
v25r_n8,random_holdout_b18_p11802,random_holdout,18,11802,5,25,0.005195956249227418,0.003287241307322386,0.0006714764520370678,0.024086021505376344,-0.0018900190598922,0.00615848550879,-0.005048681261427624
v25r_n8,random_holdout_b18_p11802,random_holdout,18,11802,11,25,0.005195956249227418,0.003287241307322386,0.0006714764520370678,0.024086021505376344,-0.0018900190598922,0.00615848550879,-0.005455177407330308
v25r_n8,random_holdout_b18_p11802,random_holdout,18,11802,17,25,0.005195956249227418,0.003287241307322386,0.0006714764520370678,0.024086021505376344,-0.0018900190598922,0.00615848550879,-0.004702704357372756
v25r_n8,random_holdout_b18_p11802,random_holdout,18,11802,29,25,0.005195956249227418,0.003287241307322386,0.0006714764520370678,0.024086021505376344,-0.0018900190598922,0.00615848550879,-0.004671538801745944
v25r_n8,random_train_b13_p8083,random_train,13,8083,5,22,0.005384220548819973,0.003339607721937199,0.0006714764520370678,0.024086021505376344,-0.0018900190598922,0.0061258173939277,-0.004984368364697861
v25r_n8,random_train_b13_p8083,random_train,13,8083,11,22,0.005384220548819973,0.003339607721937199,0.0006714764520370678,0.024086021505376344,-0.0018900190598922,0.0061258173939277,-0.0052856364830386965
v25r_n8,random_train_b13_p8083,random_train,13,8083,17,22,0.005384220548819973,0.003339607721937199,0.0006714764520370678,0.024086021505376344,-0.0018900190598922,0.0061258173939277,-0.005419643425305037
v25r_n8,random_train_b13_p8083,random_train,13,8083,29,22,0.005384220548819973,0.003339607721937199,0.0006714764520370678,0.024086021505376344,-0.0018900190598922,0.0061258173939277,-0.004929687106599301
v25r_n8,random_train_b13_p8083,random_train,13,8083,5,25,0.005195956249227418,0.003287241307322386,0.0006714764520370678,0.024086021505376344,-0.0018900190598922,0.00615848550879,-0.005167791773217289
v25r_n8,random_train_b13_p8083,random_train,13,8083,11,25,0.005195956249227418,0.003287241307322386,0.0006714764520370678,0.024086021505376344,-0.0018900190598922,0.00615848550879,-0.005693962295446086
v25r_n8,random_train_b13_p8083,random_train,13,8083,17,25,0.005195956249227418,0.003287241307322386,0.0006714764520370678,0.024086021505376344,-0.0018900190598922,0.00615848550879,-0.005806968400120288
v25r_n8,random_train_b13_p8083,random_train,13,8083,29,25,0.005195956249227418,0.003287241307322386,0.0006714764520370678,0.024086021505376344,-0.0018900190598922,0.00615848550879,-0.005238819715184945
v25r_n8,random_train_b14_p8696,random_train,14,8696,5,22,0.005384220548819973,0.003339607721937199,0.0006714764520370678,0.024086021505376344,-0.0018900190598922,0.0061258173939277,-0.005550954056833329
v25r_n8,random_train_b14_p8696,random_train,14,8696,11,22,0.005384220548819973,0.003339607721937199,0.0006714764520370678,0.024086021505376344,-0.0018900190598922,0.0061258173939277,-0.004887693023958489
v25r_n8,random_train_b14_p8696,random_train,14,8696,17,22,0.005384220548819973,0.003339607721937199,0.0006714764520370678,0.024086021505376344,-0.0018900190598922,0.0061258173939277,-0.004584038106151106
v25r_n8,random_train_b14_p8696,random_train,14,8696,29,22,0.005384220548819973,0.003339607721937199,0.0006714764520370678,0.024086021505376344,-0.0018900190598922,0.0061258173939277,-0.005516999086431489
v25r_n8,random_train_b14_p8696,random_train,14,8696,5,25,0.005195956249227418,0.003287241307322386,0.0006714764520370678,0.024086021505376344,-0.0018900190598922,0.00615848550879,-0.005979103481492698
v25r_n8,random_train_b14_p8696,random_train,14,8696,11,25,0.005195956249227418,0.003287241307322386,0.0006714764520370678,0.024086021505376344,-0.0018900190598922,0.00615848550879,-0.005212335050371247
v25r_n8,random_train_b14_p8696,random_train,14,8696,17,25,0.005195956249227418,0.003287241307322386,0.0006714764520370678,0.024086021505376344,-0.0018900190598922,0.00615848550879,-0.004840310613196991
v25r_n8,random_train_b14_p8696,random_train,14,8696,29,25,0.005195956249227418,0.003287241307322386,0.0006714764520370678,0.024086021505376344,-0.0018900190598922,0.00615848550879,-0.005758676466338963
v25r_n8,random_train_b14_p9908,random_train,14,9908,5,22,0.005384220548819973,0.003339607721937199,0.0006714764520370678,0.024086021505376344,-0.0018900190598922,0.0061258173939277,-0.0055479612101063894
v25r_n8,random_train_b14_p9908,random_train,14,9908,11,22,0.005384220548819973,0.003339607721937199,0.0006714764520370678,0.024086021505376344,-0.0018900190598922,0.0061258173939277,-0.005691007952318311
v25r_n8,random_train_b14_p9908,random_train,14,9908,17,22,0.005384220548819973,0.003339607721937199,0.0006714764520370678,0.024086021505376344,-0.0018900190598922,0.0061258173939277,-0.004739819765498321
v25r_n8,random_train_b14_p9908,random_train,14,9908,29,22,0.005384220548819973,0.003339607721937199,0.0006714764520370678,0.024086021505376344,-0.0018900190598922,0.0061258173939277,-0.005633682145657137
v25r_n8,random_train_b14_p9908,random_train,14,9908,5,25,0.005195956249227418,0.003287241307322386,0.0006714764520370678,0.024086021505376344,-0.0018900190598922,0.00615848550879,-0.005955404991473063
v25r_n8,random_train_b14_p9908,random_train,14,9908,11,25,0.005195956249227418,0.003287241307322386,0.0006714764520370678,0.024086021505376344,-0.0018900190598922,0.00615848550879,-0.0059173214807986645
v25r_n8,random_train_b14_p9908,random_train,14,9908,17,25,0.005195956249227418,0.003287241307322386,0.0006714764520370678,0.024086021505376344,-0.0018900190598922,0.00615848550879,-0.005053754115418946
v25r_n8,random_train_b14_p9908,random_train,14,9908,29,25,0.005195956249227418,0.003287241307322386,0.0006714764520370678,0.024086021505376344,-0.0018900190598922,0.00615848550879,-0.006032308775023249
v25r_n8,random_train_b15_p7333,random_train,15,7333,5,22,0.005384220548819973,0.003339607721937199,0.0006714764520370678,0.024086021505376344,-0.0018900190598922,0.0061258173939277,-0.005233593441498835
v25r_n8,random_train_b15_p7333,random_train,15,7333,11,22,0.005384220548819973,0.003339607721937199,0.0006714764520370678,0.024086021505376344,-0.0018900190598922,0.0061258173939277,-0.004886304766500116
v25r_n8,random_train_b15_p7333,random_train,15,7333,17,22,0.005384220548819973,0.003339607721937199,0.0006714764520370678,0.024086021505376344,-0.0018900190598922,0.0061258173939277,-0.005552752109760512
v25r_n8,random_train_b15_p7333,random_train,15,7333,29,22,0.005384220548819973,0.003339607721937199,0.0006714764520370678,0.024086021505376344,-0.0018900190598922,0.0061258173939277,-0.005578496795156873
v25r_n8,random_train_b15_p7333,random_train,15,7333,5,25,0.005195956249227418,0.003287241307322386,0.0006714764520370678,0.024086021505376344,-0.0018900190598922,0.00615848550879,-0.005373775322646701
v25r_n8,random_train_b15_p7333,random_train,15,7333,11,25,0.005195956249227418,0.003287241307322386,0.0006714764520370678,0.024086021505376344,-0.0018900190598922,0.00615848550879,-0.005343573222865899
v25r_n8,random_train_b15_p7333,random_train,15,7333,17,25,0.005195956249227418,0.003287241307322386,0.0006714764520370678,0.024086021505376344,-0.0018900190598922,0.00615848550879,-0.005928004181264773
v25r_n8,random_train_b15_p7333,random_train,15,7333,29,25,0.005195956249227418,0.003287241307322386,0.0006714764520370678,0.024086021505376344,-0.0018900190598922,0.00615848550879,-0.0058978782853094545
v25r_n8,random_train_b16_p9575,random_train,16,9575,5,22,0.005384220548819973,0.003339607721937199,0.0006714764520370678,0.024086021505376344,-0.0018900190598922,0.0061258173939277,-0.005407459622566074
v25r_n8,random_train_b16_p9575,random_train,16,9575,11,22,0.005384220548819973,0.003339607721937199,0.0006714764520370678,0.024086021505376344,-0.0018900190598922,0.0061258173939277,-0.005647540046983568
v25r_n8,random_train_b16_p9575,random_train,16,9575,17,22,0.005384220548819973,0.003339607721937199,0.0006714764520370678,0.024086021505376344,-0.0018900190598922,0.0061258173939277,-0.004436254033204678
v25r_n8,random_train_b16_p9575,random_train,16,9575,29,22,0.005384220548819973,0.003339607721937199,0.0006714764520370678,0.024086021505376344,-0.0018900190598922,0.0061258173939277,-0.0049451849713474825
v25r_n8,random_train_b16_p9575,random_train,16,9575,5,25,0.005195956249227418,0.003287241307322386,0.0006714764520370678,0.024086021505376344,-0.0018900190598922,0.00615848550879,-0.005642602902351024
v25r_n8,random_train_b16_p9575,random_train,16,9575,11,25,0.005195956249227418,0.003287241307322386,0.0006714764520370678,0.024086021505376344,-0.0018900190598922,0.00615848550879,-0.006035838610458766
v25r_n8,random_train_b16_p9575,random_train,16,9575,17,25,0.005195956249227418,0.003287241307322386,0.0006714764520370678,0.024086021505376344,-0.0018900190598922,0.00615848550879,-0.004652231971044934
v25r_n8,random_train_b16_p9575,random_train,16,9575,29,25,0.005195956249227418,0.003287241307322386,0.0006714764520370678,0.024086021505376344,-0.0018900190598922,0.00615848550879,-0.005231559779215261
v25r_n8,random_train_b17_p10727,random_train,17,10727,5,22,0.005384220548819973,0.003339607721937199,0.0006714764520370678,0.024086021505376344,-0.0018900190598922,0.0061258173939277,-0.0050452628546715835
v25r_n8,random_train_b17_p10727,random_train,17,10727,11,22,0.005384220548819973,0.003339607721937199,0.0006714764520370678,0.024086021505376344,-0.0018900190598922,0.0061258173939277,-0.004774173934825349
v25r_n8,random_train_b17_p10727,random_train,17,10727,17,22,0.005384220548819973,0.003339607721937199,0.0006714764520370678,0.024086021505376344,-0.0018900190598922,0.0061258173939277,-0.005740909189364668
v25r_n8,random_train_b17_p10727,random_train,17,10727,29,22,0.005384220548819973,0.003339607721937199,0.0006714764520370678,0.024086021505376344,-0.0018900190598922,0.0061258173939277,-0.0062945866881997875
v25r_n8,random_train_b17_p10727,random_train,17,10727,5,25,0.005195956249227418,0.003287241307322386,0.0006714764520370678,0.024086021505376344,-0.0018900190598922,0.00615848550879,-0.005287600069348841
v25r_n8,random_train_b17_p10727,random_train,17,10727,11,25,0.005195956249227418,0.003287241307322386,0.0006714764520370678,0.024086021505376344,-0.0018900190598922,0.00615848550879,-0.005048285275717823
v25r_n8,random_train_b17_p10727,random_train,17,10727,17,25,0.005195956249227418,0.003287241307322386,0.0006714764520370678,0.024086021505376344,-0.0018900190598922,0.00615848550879,-0.005959701180259852
v25r_n8,random_train_b17_p10727,random_train,17,10727,29,25,0.005195956249227418,0.003287241307322386,0.0006714764520370678,0.024086021505376344,-0.0018900190598922,0.00615848550879,-0.006718116315313721
v25r_n8,altblock_b24_s4242,sentinel,24,4242,5,22,0.005384220548819973,0.003339607721937199,0.0006714764520370678,0.024086021505376344,-0.0018900190598922,0.0061258173939277,-0.0033098565951188374
v25r_n8,altblock_b24_s4242,sentinel,24,4242,11,22,0.005384220548819973,0.003339607721937199,0.0006714764520370678,0.024086021505376344,-0.0018900190598922,0.0061258173939277,-0.0038893701597846383
v25r_n8,altblock_b24_s4242,sentinel,24,4242,17,22,0.005384220548819973,0.003339607721937199,0.0006714764520370678,0.024086021505376344,-0.0018900190598922,0.0061258173939277,-0.003303879281709743
v25r_n8,altblock_b24_s4242,sentinel,24,4242,29,22,0.005384220548819973,0.003339607721937199,0.0006714764520370678,0.024086021505376344,-0.0018900190598922,0.0061258173939277,-0.0038669791786798634
v25r_n8,altblock_b24_s4242,sentinel,24,4242,5,25,0.005195956249227418,0.003287241307322386,0.0006714764520370678,0.024086021505376344,-0.0018900190598922,0.00615848550879,-0.003532627576329661
v25r_n8,altblock_b24_s4242,sentinel,24,4242,11,25,0.005195956249227418,0.003287241307322386,0.0006714764520370678,0.024086021505376344,-0.0018900190598922,0.00615848550879,-0.004234316089636652
v25r_n8,altblock_b24_s4242,sentinel,24,4242,17,25,0.005195956249227418,0.003287241307322386,0.0006714764520370678,0.024086021505376344,-0.0018900190598922,0.00615848550879,-0.0035680731330058834
v25r_n8,altblock_b24_s4242,sentinel,24,4242,29,25,0.005195956249227418,0.003287241307322386,0.0006714764520370678,0.024086021505376344,-0.0018900190598922,0.00615848550879,-0.004331708687348245
v25r_n8,baseline_b20_s4242,sentinel,20,4242,5,22,0.005384220548819973,0.003339607721937199,0.0006714764520370678,0.024086021505376344,-0.0018900190598922,0.0061258173939277,-0.004799873701138352
v25r_n8,baseline_b20_s4242,sentinel,20,4242,11,22,0.005384220548819973,0.003339607721937199,0.0006714764520370678,0.024086021505376344,-0.0018900190598922,0.0061258173939277,-0.005825112738163945
v25r_n8,baseline_b20_s4242,sentinel,20,4242,17,22,0.005384220548819973,0.003339607721937199,0.0006714764520370678,0.024086021505376344,-0.0018900190598922,0.0061258173939277,-0.004314821232002247
v25r_n8,baseline_b20_s4242,sentinel,20,4242,29,22,0.005384220548819973,0.003339607721937199,0.0006714764520370678,0.024086021505376344,-0.0018900190598922,0.0061258173939277,-0.0041719914644903315
v25r_n8,baseline_b20_s4242,sentinel,20,4242,5,25,0.005195956249227418,0.003287241307322386,0.0006714764520370678,0.024086021505376344,-0.0018900190598922,0.00615848550879,-0.005110057539455087
v25r_n8,baseline_b20_s4242,sentinel,20,4242,11,25,0.005195956249227418,0.003287241307322386,0.0006714764520370678,0.024086021505376344,-0.0018900190598922,0.00615848550879,-0.006068006478306237
v25r_n8,baseline_b20_s4242,sentinel,20,4242,17,25,0.005195956249227418,0.003287241307322386,0.0006714764520370678,0.024086021505376344,-0.0018900190598922,0.00615848550879,-0.004504626315827642
v25r_n8,baseline_b20_s4242,sentinel,20,4242,29,25,0.005195956249227418,0.003287241307322386,0.0006714764520370678,0.024086021505376344,-0.0018900190598922,0.00615848550879,-0.004331520506860919
v25r_n8,stress_b30_s10010,sentinel,30,10010,5,22,0.005384220548819973,0.003339607721937199,0.0006714764520370678,0.024086021505376344,-0.0018900190598922,0.0061258173939277,-0.0029818031872523186
v25r_n8,stress_b30_s10010,sentinel,30,10010,11,22,0.005384220548819973,0.003339607721937199,0.0006714764520370678,0.024086021505376344,-0.0018900190598922,0.0061258173939277,-0.0037604727730930487
v25r_n8,stress_b30_s10010,sentinel,30,10010,17,22,0.005384220548819973,0.003339607721937199,0.0006714764520370678,0.024086021505376344,-0.0018900190598922,0.0061258173939277,-0.0032720638954540026
v25r_n8,stress_b30_s10010,sentinel,30,10010,29,22,0.005384220548819973,0.003339607721937199,0.0006714764520370678,0.024086021505376344,-0.0018900190598922,0.0061258173939277,-0.0029318968643614607
v25r_n8,stress_b30_s10010,sentinel,30,10010,5,25,0.005195956249227418,0.003287241307322386,0.0006714764520370678,0.024086021505376344,-0.0018900190598922,0.00615848550879,-0.0030290059297623574
v25r_n8,stress_b30_s10010,sentinel,30,10010,11,25,0.005195956249227418,0.003287241307322386,0.0006714764520370678,0.024086021505376344,-0.0018900190598922,0.00615848550879,-0.003951508743364495
v25r_n8,stress_b30_s10010,sentinel,30,10010,17,25,0.005195956249227418,0.003287241307322386,0.0006714764520370678,0.024086021505376344,-0.0018900190598922,0.00615848550879,-0.003332787961316369
v25r_n8,stress_b30_s10010,sentinel,30,10010,29,25,0.005195956249227418,0.003287241307322386,0.0006714764520370678,0.024086021505376344,-0.0018900190598922,0.00615848550879,-0.00313399165176918
v25r_nA,random_holdout_b11_p13416,random_holdout,11,13416,5,22,0.005384219664138312,0.003339607239954745,0.0006714762540477564,0.024086021505376344,-0.0018900181750552,0.0061258142679584,-0.006089393326504721
v25r_nA,random_holdout_b11_p13416,random_holdout,11,13416,11,22,0.005384219664138312,0.003339607239954745,0.0006714762540477564,0.024086021505376344,-0.0018900181750552,0.0061258142679584,-0.005416797426576725
v25r_nA,random_holdout_b11_p13416,random_holdout,11,13416,17,22,0.005384219664138312,0.003339607239954745,0.0006714762540477564,0.024086021505376344,-0.0018900181750552,0.0061258142679584,-0.004974704096449151
v25r_nA,random_holdout_b11_p13416,random_holdout,11,13416,29,22,0.005384219664138312,0.003339607239954745,0.0006714762540477564,0.024086021505376344,-0.0018900181750552,0.0061258142679584,-0.005783056543258819
v25r_nA,random_holdout_b11_p13416,random_holdout,11,13416,5,25,0.005195955420592613,0.0032872408390114405,0.0006714762540477564,0.024086021505376344,-0.0018900181750552,0.006158482372667,-0.006392763827428154
v25r_nA,random_holdout_b11_p13416,random_holdout,11,13416,11,25,0.005195955420592613,0.0032872408390114405,0.0006714762540477564,0.024086021505376344,-0.0018900181750552,0.006158482372667,-0.005575399489903915
v25r_nA,random_holdout_b11_p13416,random_holdout,11,13416,17,25,0.005195955420592613,0.0032872408390114405,0.0006714762540477564,0.024086021505376344,-0.0018900181750552,0.006158482372667,-0.005358567467075331
v25r_nA,random_holdout_b11_p13416,random_holdout,11,13416,29,25,0.005195955420592613,0.0032872408390114405,0.0006714762540477564,0.024086021505376344,-0.0018900181750552,0.006158482372667,-0.005980006311103253
v25r_nA,random_holdout_b11_p6384,random_holdout,11,6384,5,22,0.005384219664138312,0.003339607239954745,0.0006714762540477564,0.024086021505376344,-0.0018900181750552,0.0061258142679584,-0.005182457936915568
v25r_nA,random_holdout_b11_p6384,random_holdout,11,6384,11,22,0.005384219664138312,0.003339607239954745,0.0006714762540477564,0.024086021505376344,-0.0018900181750552,0.0061258142679584,-0.005830784733368904
v25r_nA,random_holdout_b11_p6384,random_holdout,11,6384,17,22,0.005384219664138312,0.003339607239954745,0.0006714762540477564,0.024086021505376344,-0.0018900181750552,0.0061258142679584,-0.004964536043966261
v25r_nA,random_holdout_b11_p6384,random_holdout,11,6384,29,22,0.005384219664138312,0.003339607239954745,0.0006714762540477564,0.024086021505376344,-0.0018900181750552,0.0061258142679584,-0.0061071212126606374
v25r_nA,random_holdout_b11_p6384,random_holdout,11,6384,5,25,0.005195955420592613,0.0032872408390114405,0.0006714762540477564,0.024086021505376344,-0.0018900181750552,0.006158482372667,-0.005402168043720778
v25r_nA,random_holdout_b11_p6384,random_holdout,11,6384,11,25,0.005195955420592613,0.0032872408390114405,0.0006714762540477564,0.024086021505376344,-0.0018900181750552,0.006158482372667,-0.0060135299327599085
v25r_nA,random_holdout_b11_p6384,random_holdout,11,6384,17,25,0.005195955420592613,0.0032872408390114405,0.0006714762540477564,0.024086021505376344,-0.0018900181750552,0.006158482372667,-0.005184488922668217
v25r_nA,random_holdout_b11_p6384,random_holdout,11,6384,29,25,0.005195955420592613,0.0032872408390114405,0.0006714762540477564,0.024086021505376344,-0.0018900181750552,0.006158482372667,-0.006219083440177409
v25r_nA,random_holdout_b12_p8284,random_holdout,12,8284,5,22,0.005384219664138312,0.003339607239954745,0.0006714762540477564,0.024086021505376344,-0.0018900181750552,0.0061258142679584,-0.00562804046819611
v25r_nA,random_holdout_b12_p8284,random_holdout,12,8284,11,22,0.005384219664138312,0.003339607239954745,0.0006714762540477564,0.024086021505376344,-0.0018900181750552,0.0061258142679584,-0.006187804711962503
v25r_nA,random_holdout_b12_p8284,random_holdout,12,8284,17,22,0.005384219664138312,0.003339607239954745,0.0006714762540477564,0.024086021505376344,-0.0018900181750552,0.0061258142679584,-0.006616915395243716
v25r_nA,random_holdout_b12_p8284,random_holdout,12,8284,29,22,0.005384219664138312,0.003339607239954745,0.0006714762540477564,0.024086021505376344,-0.0018900181750552,0.0061258142679584,-0.004899261035486102
v25r_nA,random_holdout_b12_p8284,random_holdout,12,8284,5,25,0.005195955420592613,0.0032872408390114405,0.0006714762540477564,0.024086021505376344,-0.0018900181750552,0.006158482372667,-0.005787339978795474
v25r_nA,random_holdout_b12_p8284,random_holdout,12,8284,11,25,0.005195955420592613,0.0032872408390114405,0.0006714762540477564,0.024086021505376344,-0.0018900181750552,0.006158482372667,-0.006441115412998221
v25r_nA,random_holdout_b12_p8284,random_holdout,12,8284,17,25,0.005195955420592613,0.0032872408390114405,0.0006714762540477564,0.024086021505376344,-0.0018900181750552,0.006158482372667,-0.00704798387398779
v25r_nA,random_holdout_b12_p8284,random_holdout,12,8284,29,25,0.005195955420592613,0.0032872408390114405,0.0006714762540477564,0.024086021505376344,-0.0018900181750552,0.006158482372667,-0.005228091874633823
v25r_nA,random_holdout_b13_p12612,random_holdout,13,12612,5,22,0.005384219664138312,0.003339607239954745,0.0006714762540477564,0.024086021505376344,-0.0018900181750552,0.0061258142679584,-0.004805538880368514
v25r_nA,random_holdout_b13_p12612,random_holdout,13,12612,11,22,0.005384219664138312,0.003339607239954745,0.0006714762540477564,0.024086021505376344,-0.0018900181750552,0.0061258142679584,-0.0056153211968922425
v25r_nA,random_holdout_b13_p12612,random_holdout,13,12612,17,22,0.005384219664138312,0.003339607239954745,0.0006714762540477564,0.024086021505376344,-0.0018900181750552,0.0061258142679584,-0.005563331932119964
v25r_nA,random_holdout_b13_p12612,random_holdout,13,12612,29,22,0.005384219664138312,0.003339607239954745,0.0006714762540477564,0.024086021505376344,-0.0018900181750552,0.0061258142679584,-0.005802357926578977
v25r_nA,random_holdout_b13_p12612,random_holdout,13,12612,5,25,0.005195955420592613,0.0032872408390114405,0.0006714762540477564,0.024086021505376344,-0.0018900181750552,0.006158482372667,-0.004947208519568229
v25r_nA,random_holdout_b13_p12612,random_holdout,13,12612,11,25,0.005195955420592613,0.0032872408390114405,0.0006714762540477564,0.024086021505376344,-0.0018900181750552,0.006158482372667,-0.005809941352282582
v25r_nA,random_holdout_b13_p12612,random_holdout,13,12612,17,25,0.005195955420592613,0.0032872408390114405,0.0006714762540477564,0.024086021505376344,-0.0018900181750552,0.006158482372667,-0.005789015689493038
v25r_nA,random_holdout_b13_p12612,random_holdout,13,12612,29,25,0.005195955420592613,0.0032872408390114405,0.0006714762540477564,0.024086021505376344,-0.0018900181750552,0.006158482372667,-0.005991487297482462
v25r_nA,random_holdout_b17_p7370,random_holdout,17,7370,5,22,0.005384219664138312,0.003339607239954745,0.0006714762540477564,0.024086021505376344,-0.0018900181750552,0.0061258142679584,-0.005127058422318353
v25r_nA,random_holdout_b17_p7370,random_holdout,17,7370,11,22,0.005384219664138312,0.003339607239954745,0.0006714762540477564,0.024086021505376344,-0.0018900181750552,0.0061258142679584,-0.005374318008162298
v25r_nA,random_holdout_b17_p7370,random_holdout,17,7370,17,22,0.005384219664138312,0.003339607239954745,0.0006714762540477564,0.024086021505376344,-0.0018900181750552,0.0061258142679584,-0.004357734455540585
v25r_nA,random_holdout_b17_p7370,random_holdout,17,7370,29,22,0.005384219664138312,0.003339607239954745,0.0006714762540477564,0.024086021505376344,-0.0018900181750552,0.0061258142679584,-0.005512808647082918
v25r_nA,random_holdout_b17_p7370,random_holdout,17,7370,5,25,0.005195955420592613,0.0032872408390114405,0.0006714762540477564,0.024086021505376344,-0.0018900181750552,0.006158482372667,-0.00535440132761007
v25r_nA,random_holdout_b17_p7370,random_holdout,17,7370,11,25,0.005195955420592613,0.0032872408390114405,0.0006714762540477564,0.024086021505376344,-0.0018900181750552,0.006158482372667,-0.005547844761377729
v25r_nA,random_holdout_b17_p7370,random_holdout,17,7370,17,25,0.005195955420592613,0.0032872408390114405,0.0006714762540477564,0.024086021505376344,-0.0018900181750552,0.006158482372667,-0.004779755314809775
v25r_nA,random_holdout_b17_p7370,random_holdout,17,7370,29,25,0.005195955420592613,0.0032872408390114405,0.0006714762540477564,0.024086021505376344,-0.0018900181750552,0.006158482372667,-0.0057115756798793655
v25r_nA,random_holdout_b18_p11802,random_holdout,18,11802,5,22,0.005384219664138312,0.003339607239954745,0.0006714762540477564,0.024086021505376344,-0.0018900181750552,0.0061258142679584,-0.004624818391828084
v25r_nA,random_holdout_b18_p11802,random_holdout,18,11802,11,22,0.005384219664138312,0.003339607239954745,0.0006714762540477564,0.024086021505376344,-0.0018900181750552,0.0061258142679584,-0.00514959832859278
v25r_nA,random_holdout_b18_p11802,random_holdout,18,11802,17,22,0.005384219664138312,0.003339607239954745,0.0006714762540477564,0.024086021505376344,-0.0018900181750552,0.0061258142679584,-0.004493212147822684
v25r_nA,random_holdout_b18_p11802,random_holdout,18,11802,29,22,0.005384219664138312,0.003339607239954745,0.0006714762540477564,0.024086021505376344,-0.0018900181750552,0.0061258142679584,-0.004590579728574712
v25r_nA,random_holdout_b18_p11802,random_holdout,18,11802,5,25,0.005195955420592613,0.0032872408390114405,0.0006714762540477564,0.024086021505376344,-0.0018900181750552,0.006158482372667,-0.005048674167438344
v25r_nA,random_holdout_b18_p11802,random_holdout,18,11802,11,25,0.005195955420592613,0.0032872408390114405,0.0006714762540477564,0.024086021505376344,-0.0018900181750552,0.006158482372667,-0.005455172563355842
v25r_nA,random_holdout_b18_p11802,random_holdout,18,11802,17,25,0.005195955420592613,0.0032872408390114405,0.0006714762540477564,0.024086021505376344,-0.0018900181750552,0.006158482372667,-0.004702702555858434
v25r_nA,random_holdout_b18_p11802,random_holdout,18,11802,29,25,0.005195955420592613,0.0032872408390114405,0.0006714762540477564,0.024086021505376344,-0.0018900181750552,0.006158482372667,-0.0046715388345089925
v25r_nA,random_train_b13_p8083,random_train,13,8083,5,22,0.005384219664138312,0.003339607239954745,0.0006714762540477564,0.024086021505376344,-0.0018900181750552,0.0061258142679584,-0.004984363664781899
v25r_nA,random_train_b13_p8083,random_train,13,8083,11,22,0.005384219664138312,0.003339607239954745,0.0006714762540477564,0.024086021505376344,-0.0018900181750552,0.0061258142679584,-0.005285630696641802
v25r_nA,random_train_b13_p8083,random_train,13,8083,17,22,0.005384219664138312,0.003339607239954745,0.0006714762540477564,0.024086021505376344,-0.0018900181750552,0.0061258142679584,-0.005419638877312116
v25r_nA,random_train_b13_p8083,random_train,13,8083,29,22,0.005384219664138312,0.003339607239954745,0.0006714762540477564,0.024086021505376344,-0.0018900181750552,0.0061258142679584,-0.0049296855446921695
v25r_nA,random_train_b13_p8083,random_train,13,8083,5,25,0.005195955420592613,0.0032872408390114405,0.0006714762540477564,0.024086021505376344,-0.0018900181750552,0.006158482372667,-0.005167789772851511
v25r_nA,random_train_b13_p8083,random_train,13,8083,11,25,0.005195955420592613,0.0032872408390114405,0.0006714762540477564,0.024086021505376344,-0.0018900181750552,0.006158482372667,-0.005693956363919362
v25r_nA,random_train_b13_p8083,random_train,13,8083,17,25,0.005195955420592613,0.0032872408390114405,0.0006714762540477564,0.024086021505376344,-0.0018900181750552,0.006158482372667,-0.005806963696601508
v25r_nA,random_train_b13_p8083,random_train,13,8083,29,25,0.005195955420592613,0.0032872408390114405,0.0006714762540477564,0.024086021505376344,-0.0018900181750552,0.006158482372667,-0.005238816072469487
v25r_nA,random_train_b14_p8696,random_train,14,8696,5,22,0.005384219664138312,0.003339607239954745,0.0006714762540477564,0.024086021505376344,-0.0018900181750552,0.0061258142679584,-0.00555095012882727
v25r_nA,random_train_b14_p8696,random_train,14,8696,11,22,0.005384219664138312,0.003339607239954745,0.0006714762540477564,0.024086021505376344,-0.0018900181750552,0.0061258142679584,-0.004887691365227276
v25r_nA,random_train_b14_p8696,random_train,14,8696,17,22,0.005384219664138312,0.003339607239954745,0.0006714762540477564,0.024086021505376344,-0.0018900181750552,0.0061258142679584,-0.0045840366435040076
v25r_nA,random_train_b14_p8696,random_train,14,8696,29,22,0.005384219664138312,0.003339607239954745,0.0006714762540477564,0.024086021505376344,-0.0018900181750552,0.0061258142679584,-0.005516997407517654
v25r_nA,random_train_b14_p8696,random_train,14,8696,5,25,0.005195955420592613,0.0032872408390114405,0.0006714762540477564,0.024086021505376344,-0.0018900181750552,0.006158482372667,-0.005979096376585696
v25r_nA,random_train_b14_p8696,random_train,14,8696,11,25,0.005195955420592613,0.0032872408390114405,0.0006714762540477564,0.024086021505376344,-0.0018900181750552,0.006158482372667,-0.005212330121924497
v25r_nA,random_train_b14_p8696,random_train,14,8696,17,25,0.005195955420592613,0.0032872408390114405,0.0006714762540477564,0.024086021505376344,-0.0018900181750552,0.006158482372667,-0.00484030905648975
v25r_nA,random_train_b14_p8696,random_train,14,8696,29,25,0.005195955420592613,0.0032872408390114405,0.0006714762540477564,0.024086021505376344,-0.0018900181750552,0.006158482372667,-0.005758673980663248
v25r_nA,random_train_b14_p9908,random_train,14,9908,5,22,0.005384219664138312,0.003339607239954745,0.0006714762540477564,0.024086021505376344,-0.0018900181750552,0.0061258142679584,-0.005547960021418746
v25r_nA,random_train_b14_p9908,random_train,14,9908,11,22,0.005384219664138312,0.003339607239954745,0.0006714762540477564,0.024086021505376344,-0.0018900181750552,0.0061258142679584,-0.005691006972386719
v25r_nA,random_train_b14_p9908,random_train,14,9908,17,22,0.005384219664138312,0.003339607239954745,0.0006714762540477564,0.024086021505376344,-0.0018900181750552,0.0061258142679584,-0.004739818612079344
v25r_nA,random_train_b14_p9908,random_train,14,9908,29,22,0.005384219664138312,0.003339607239954745,0.0006714762540477564,0.024086021505376344,-0.0018900181750552,0.0061258142679584,-0.005633676383776647
v25r_nA,random_train_b14_p9908,random_train,14,9908,5,25,0.005195955420592613,0.0032872408390114405,0.0006714762540477564,0.024086021505376344,-0.0018900181750552,0.006158482372667,-0.005955403156587541
v25r_nA,random_train_b14_p9908,random_train,14,9908,11,25,0.005195955420592613,0.0032872408390114405,0.0006714762540477564,0.024086021505376344,-0.0018900181750552,0.006158482372667,-0.005917316500768033
v25r_nA,random_train_b14_p9908,random_train,14,9908,17,25,0.005195955420592613,0.0032872408390114405,0.0006714762540477564,0.024086021505376344,-0.0018900181750552,0.006158482372667,-0.005053753204811001
v25r_nA,random_train_b14_p9908,random_train,14,9908,29,25,0.005195955420592613,0.0032872408390114405,0.0006714762540477564,0.024086021505376344,-0.0018900181750552,0.006158482372667,-0.0060323023736750855
v25r_nA,random_train_b15_p7333,random_train,15,7333,5,22,0.005384219664138312,0.003339607239954745,0.0006714762540477564,0.024086021505376344,-0.0018900181750552,0.0061258142679584,-0.0052335925218871095
v25r_nA,random_train_b15_p7333,random_train,15,7333,11,22,0.005384219664138312,0.003339607239954745,0.0006714762540477564,0.024086021505376344,-0.0018900181750552,0.0061258142679584,-0.004886300602641525
v25r_nA,random_train_b15_p7333,random_train,15,7333,17,22,0.005384219664138312,0.003339607239954745,0.0006714762540477564,0.024086021505376344,-0.0018900181750552,0.0061258142679584,-0.005552745888617644
v25r_nA,random_train_b15_p7333,random_train,15,7333,29,22,0.005384219664138312,0.003339607239954745,0.0006714762540477564,0.024086021505376344,-0.0018900181750552,0.0061258142679584,-0.0055784911038065325
v25r_nA,random_train_b15_p7333,random_train,15,7333,5,25,0.005195955420592613,0.0032872408390114405,0.0006714762540477564,0.024086021505376344,-0.0018900181750552,0.006158482372667,-0.00537377442148878
v25r_nA,random_train_b15_p7333,random_train,15,7333,11,25,0.005195955420592613,0.0032872408390114405,0.0006714762540477564,0.024086021505376344,-0.0018900181750552,0.006158482372667,-0.005343568749072758
v25r_nA,random_train_b15_p7333,random_train,15,7333,17,25,0.005195955420592613,0.0032872408390114405,0.0006714762540477564,0.024086021505376344,-0.0018900181750552,0.006158482372667,-0.005927997842112481
v25r_nA,random_train_b15_p7333,random_train,15,7333,29,25,0.005195955420592613,0.0032872408390114405,0.0006714762540477564,0.024086021505376344,-0.0018900181750552,0.006158482372667,-0.005897874484531179
v25r_nA,random_train_b16_p9575,random_train,16,9575,5,22,0.005384219664138312,0.003339607239954745,0.0006714762540477564,0.024086021505376344,-0.0018900181750552,0.0061258142679584,-0.005407457922272068
v25r_nA,random_train_b16_p9575,random_train,16,9575,11,22,0.005384219664138312,0.003339607239954745,0.0006714762540477564,0.024086021505376344,-0.0018900181750552,0.0061258142679584,-0.005647534175072855
v25r_nA,random_train_b16_p9575,random_train,16,9575,17,22,0.005384219664138312,0.003339607239954745,0.0006714762540477564,0.024086021505376344,-0.0018900181750552,0.0061258142679584,-0.004436252083377679
v25r_nA,random_train_b16_p9575,random_train,16,9575,29,22,0.005384219664138312,0.003339607239954745,0.0006714762540477564,0.024086021505376344,-0.0018900181750552,0.0061258142679584,-0.004945183093101613
v25r_nA,random_train_b16_p9575,random_train,16,9575,5,25,0.005195955420592613,0.0032872408390114405,0.0006714762540477564,0.024086021505376344,-0.0018900181750552,0.006158482372667,-0.0056425987448054825
v25r_nA,random_train_b16_p9575,random_train,16,9575,11,25,0.005195955420592613,0.0032872408390114405,0.0006714762540477564,0.024086021505376344,-0.0018900181750552,0.006158482372667,-0.006035832614560776
v25r_nA,random_train_b16_p9575,random_train,16,9575,17,25,0.005195955420592613,0.0032872408390114405,0.0006714762540477564,0.024086021505376344,-0.0018900181750552,0.006158482372667,-0.004652230534184593
v25r_nA,random_train_b16_p9575,random_train,16,9575,29,25,0.005195955420592613,0.0032872408390114405,0.0006714762540477564,0.024086021505376344,-0.0018900181750552,0.006158482372667,-0.005231556089783179
v25r_nA,random_train_b17_p10727,random_train,17,10727,5,22,0.005384219664138312,0.003339607239954745,0.0006714762540477564,0.024086021505376344,-0.0018900181750552,0.0061258142679584,-0.0050452615421194115
v25r_nA,random_train_b17_p10727,random_train,17,10727,11,22,0.005384219664138312,0.003339607239954745,0.0006714762540477564,0.024086021505376344,-0.0018900181750552,0.0061258142679584,-0.004774167928852696
v25r_nA,random_train_b17_p10727,random_train,17,10727,17,22,0.005384219664138312,0.003339607239954745,0.0006714762540477564,0.024086021505376344,-0.0018900181750552,0.0061258142679584,-0.00574090431237978
v25r_nA,random_train_b17_p10727,random_train,17,10727,29,22,0.005384219664138312,0.003339607239954745,0.0006714762540477564,0.024086021505376344,-0.0018900181750552,0.0061258142679584,-0.006294583179859692
v25r_nA,random_train_b17_p10727,random_train,17,10727,5,25,0.005195955420592613,0.0032872408390114405,0.0006714762540477564,0.024086021505376344,-0.0018900181750552,0.006158482372667,-0.005287598927976628
v25r_nA,random_train_b17_p10727,random_train,17,10727,11,25,0.005195955420592613,0.0032872408390114405,0.0006714762540477564,0.024086021505376344,-0.0018900181750552,0.006158482372667,-0.0050482845344314905
v25r_nA,random_train_b17_p10727,random_train,17,10727,17,25,0.005195955420592613,0.0032872408390114405,0.0006714762540477564,0.024086021505376344,-0.0018900181750552,0.006158482372667,-0.005959699762957071
v25r_nA,random_train_b17_p10727,random_train,17,10727,29,25,0.005195955420592613,0.0032872408390114405,0.0006714762540477564,0.024086021505376344,-0.0018900181750552,0.006158482372667,-0.0067181119923485355
v25r_nA,altblock_b24_s4242,sentinel,24,4242,5,22,0.005384219664138312,0.003339607239954745,0.0006714762540477564,0.024086021505376344,-0.0018900181750552,0.0061258142679584,-0.003309855909981052
v25r_nA,altblock_b24_s4242,sentinel,24,4242,11,22,0.005384219664138312,0.003339607239954745,0.0006714762540477564,0.024086021505376344,-0.0018900181750552,0.0061258142679584,-0.0038893693881691615
v25r_nA,altblock_b24_s4242,sentinel,24,4242,17,22,0.005384219664138312,0.003339607239954745,0.0006714762540477564,0.024086021505376344,-0.0018900181750552,0.0061258142679584,-0.0033038779849160925
v25r_nA,altblock_b24_s4242,sentinel,24,4242,29,22,0.005384219664138312,0.003339607239954745,0.0006714762540477564,0.024086021505376344,-0.0018900181750552,0.0061258142679584,-0.0038669743362089
v25r_nA,altblock_b24_s4242,sentinel,24,4242,5,25,0.005195955420592613,0.0032872408390114405,0.0006714762540477564,0.024086021505376344,-0.0018900181750552,0.006158482372667,-0.0035326228108905565
v25r_nA,altblock_b24_s4242,sentinel,24,4242,11,25,0.005195955420592613,0.0032872408390114405,0.0006714762540477564,0.024086021505376344,-0.0018900181750552,0.006158482372667,-0.004234314740155653
v25r_nA,altblock_b24_s4242,sentinel,24,4242,17,25,0.005195955420592613,0.0032872408390114405,0.0006714762540477564,0.024086021505376344,-0.0018900181750552,0.006158482372667,-0.003568068525259721
v25r_nA,altblock_b24_s4242,sentinel,24,4242,29,25,0.005195955420592613,0.0032872408390114405,0.0006714762540477564,0.024086021505376344,-0.0018900181750552,0.006158482372667,-0.004331704036036132
v25r_nA,baseline_b20_s4242,sentinel,20,4242,5,22,0.005384219664138312,0.003339607239954745,0.0006714762540477564,0.024086021505376344,-0.0018900181750552,0.0061258142679584,-0.004799869443544524
v25r_nA,baseline_b20_s4242,sentinel,20,4242,11,22,0.005384219664138312,0.003339607239954745,0.0006714762540477564,0.024086021505376344,-0.0018900181750552,0.0061258142679584,-0.005825107761630854
v25r_nA,baseline_b20_s4242,sentinel,20,4242,17,22,0.005384219664138312,0.003339607239954745,0.0006714762540477564,0.024086021505376344,-0.0018900181750552,0.0061258142679584,-0.004314820211217585
v25r_nA,baseline_b20_s4242,sentinel,20,4242,29,22,0.005384219664138312,0.003339607239954745,0.0006714762540477564,0.024086021505376344,-0.0018900181750552,0.0061258142679584,-0.004171990084933469
v25r_nA,baseline_b20_s4242,sentinel,20,4242,5,25,0.005195955420592613,0.0032872408390114405,0.0006714762540477564,0.024086021505376344,-0.0018900181750552,0.006158482372667,-0.005110053462555114
v25r_nA,baseline_b20_s4242,sentinel,20,4242,11,25,0.005195955420592613,0.0032872408390114405,0.0006714762540477564,0.024086021505376344,-0.0018900181750552,0.006158482372667,-0.006068001540387924
v25r_nA,baseline_b20_s4242,sentinel,20,4242,17,25,0.005195955420592613,0.0032872408390114405,0.0006714762540477564,0.024086021505376344,-0.0018900181750552,0.006158482372667,-0.004504625231463338
v25r_nA,baseline_b20_s4242,sentinel,20,4242,29,25,0.005195955420592613,0.0032872408390114405,0.0006714762540477564,0.024086021505376344,-0.0018900181750552,0.006158482372667,-0.004331518913996901
v25r_nA,stress_b30_s10010,sentinel,30,10010,5,22,0.005384219664138312,0.003339607239954745,0.0006714762540477564,0.024086021505376344,-0.0018900181750552,0.0061258142679584,-0.0029817991607419326
v25r_nA,stress_b30_s10010,sentinel,30,10010,11,22,0.005384219664138312,0.003339607239954745,0.0006714762540477564,0.024086021505376344,-0.0018900181750552,0.0061258142679584,-0.003760471876366833
v25r_nA,stress_b30_s10010,sentinel,30,10010,17,22,0.005384219664138312,0.003339607239954745,0.0006714762540477564,0.024086021505376344,-0.0018900181750552,0.0061258142679584,-0.0032720631970985237
v25r_nA,stress_b30_s10010,sentinel,30,10010,29,22,0.005384219664138312,0.003339607239954745,0.0006714762540477564,0.024086021505376344,-0.0018900181750552,0.0061258142679584,-0.002931893945571362
v25r_nA,stress_b30_s10010,sentinel,30,10010,5,25,0.005195955420592613,0.0032872408390114405,0.0006714762540477564,0.024086021505376344,-0.0018900181750552,0.006158482372667,-0.003029004430750326
v25r_nA,stress_b30_s10010,sentinel,30,10010,11,25,0.005195955420592613,0.0032872408390114405,0.0006714762540477564,0.024086021505376344,-0.0018900181750552,0.006158482372667,-0.003951504731369793
v25r_nA,stress_b30_s10010,sentinel,30,10010,17,25,0.005195955420592613,0.0032872408390114405,0.0006714762540477564,0.024086021505376344,-0.0018900181750552,0.006158482372667,-0.0033327866166716624
v25r_nA,stress_b30_s10010,sentinel,30,10010,29,25,0.005195955420592613,0.0032872408390114405,0.0006714762540477564,0.024086021505376344,-0.0018900181750552,0.006158482372667,-0.0031339903032384874
v25r_pA,random_holdout_b11_p13416,random_holdout,11,13416,5,22,0.005439288722553037,0.0033344757772477696,0.0006707529060632234,0.024086021505376344,-0.0018871140378536,0.0061164216403638,-0.006077309240577588
v25r_pA,random_holdout_b11_p13416,random_holdout,11,13416,11,22,0.005439288722553037,0.0033344757772477696,0.0006707529060632234,0.024086021505376344,-0.0018871140378536,0.0061164216403638,-0.005309032184359691
v25r_pA,random_holdout_b11_p13416,random_holdout,11,13416,17,22,0.005439288722553037,0.0033344757772477696,0.0006707529060632234,0.024086021505376344,-0.0018871140378536,0.0061164216403638,-0.004964509268213846
v25r_pA,random_holdout_b11_p13416,random_holdout,11,13416,29,22,0.005439288722553037,0.0033344757772477696,0.0006707529060632234,0.024086021505376344,-0.0018871140378536,0.0061164216403638,-0.005774170655075411
v25r_pA,random_holdout_b11_p13416,random_holdout,11,13416,5,25,0.005251300621383015,0.003282190035266863,0.0006707529060632234,0.024086021505376344,-0.0018871140378536,0.0061490398406234,-0.006380305173941347
v25r_pA,random_holdout_b11_p13416,random_holdout,11,13416,11,25,0.005251300621383015,0.003282190035266863,0.0006707529060632234,0.024086021505376344,-0.0018871140378536,0.0061490398406234,-0.005479844511825199
v25r_pA,random_holdout_b11_p13416,random_holdout,11,13416,17,25,0.005251300621383015,0.003282190035266863,0.0006707529060632234,0.024086021505376344,-0.0018871140378536,0.0061490398406234,-0.005347876961092351
v25r_pA,random_holdout_b11_p13416,random_holdout,11,13416,29,25,0.005251300621383015,0.003282190035266863,0.0006707529060632234,0.024086021505376344,-0.0018871140378536,0.0061490398406234,-0.005970832474797044
v25r_pA,random_holdout_b11_p6384,random_holdout,11,6384,5,22,0.005439288722553037,0.0033344757772477696,0.0006707529060632234,0.024086021505376344,-0.0018871140378536,0.0061164216403638,-0.004924456959797112
v25r_pA,random_holdout_b11_p6384,random_holdout,11,6384,11,22,0.005439288722553037,0.0033344757772477696,0.0006707529060632234,0.024086021505376344,-0.0018871140378536,0.0061164216403638,-0.005726995851482885
v25r_pA,random_holdout_b11_p6384,random_holdout,11,6384,17,22,0.005439288722553037,0.0033344757772477696,0.0006707529060632234,0.024086021505376344,-0.0018871140378536,0.0061164216403638,-0.00494140569530691
v25r_pA,random_holdout_b11_p6384,random_holdout,11,6384,29,22,0.005439288722553037,0.0033344757772477696,0.0006707529060632234,0.024086021505376344,-0.0018871140378536,0.0061164216403638,-0.006040615619014222
v25r_pA,random_holdout_b11_p6384,random_holdout,11,6384,5,25,0.005251300621383015,0.003282190035266863,0.0006707529060632234,0.024086021505376344,-0.0018871140378536,0.0061490398406234,-0.005150225624653458
v25r_pA,random_holdout_b11_p6384,random_holdout,11,6384,11,25,0.005251300621383015,0.003282190035266863,0.0006707529060632234,0.024086021505376344,-0.0018871140378536,0.0061490398406234,-0.005887864924085784
v25r_pA,random_holdout_b11_p6384,random_holdout,11,6384,17,25,0.005251300621383015,0.003282190035266863,0.0006707529060632234,0.024086021505376344,-0.0018871140378536,0.0061490398406234,-0.005119904797529962
v25r_pA,random_holdout_b11_p6384,random_holdout,11,6384,29,25,0.005251300621383015,0.003282190035266863,0.0006707529060632234,0.024086021505376344,-0.0018871140378536,0.0061490398406234,-0.0062035473538337715
v25r_pA,random_holdout_b12_p8284,random_holdout,12,8284,5,22,0.005439288722553037,0.0033344757772477696,0.0006707529060632234,0.024086021505376344,-0.0018871140378536,0.0061164216403638,-0.005462530649327745
v25r_pA,random_holdout_b12_p8284,random_holdout,12,8284,11,22,0.005439288722553037,0.0033344757772477696,0.0006707529060632234,0.024086021505376344,-0.0018871140378536,0.0061164216403638,-0.006152322877757732
v25r_pA,random_holdout_b12_p8284,random_holdout,12,8284,17,22,0.005439288722553037,0.0033344757772477696,0.0006707529060632234,0.024086021505376344,-0.0018871140378536,0.0061164216403638,-0.006598401217597988
v25r_pA,random_holdout_b12_p8284,random_holdout,12,8284,29,22,0.005439288722553037,0.0033344757772477696,0.0006707529060632234,0.024086021505376344,-0.0018871140378536,0.0061164216403638,-0.004647056583787001
v25r_pA,random_holdout_b12_p8284,random_holdout,12,8284,5,25,0.005251300621383015,0.003282190035266863,0.0006707529060632234,0.024086021505376344,-0.0018871140378536,0.0061490398406234,-0.005599723749955181
v25r_pA,random_holdout_b12_p8284,random_holdout,12,8284,11,25,0.005251300621383015,0.003282190035266863,0.0006707529060632234,0.024086021505376344,-0.0018871140378536,0.0061490398406234,-0.006428137849376453
v25r_pA,random_holdout_b12_p8284,random_holdout,12,8284,17,25,0.005251300621383015,0.003282190035266863,0.0006707529060632234,0.024086021505376344,-0.0018871140378536,0.0061490398406234,-0.00702908477867602
v25r_pA,random_holdout_b12_p8284,random_holdout,12,8284,29,25,0.005251300621383015,0.003282190035266863,0.0006707529060632234,0.024086021505376344,-0.0018871140378536,0.0061490398406234,-0.005219984280724366
v25r_pA,random_holdout_b13_p12612,random_holdout,13,12612,5,22,0.005439288722553037,0.0033344757772477696,0.0006707529060632234,0.024086021505376344,-0.0018871140378536,0.0061164216403638,-0.004771602027110144
v25r_pA,random_holdout_b13_p12612,random_holdout,13,12612,11,22,0.005439288722553037,0.0033344757772477696,0.0006707529060632234,0.024086021505376344,-0.0018871140378536,0.0061164216403638,-0.005531060878113686
v25r_pA,random_holdout_b13_p12612,random_holdout,13,12612,17,22,0.005439288722553037,0.0033344757772477696,0.0006707529060632234,0.024086021505376344,-0.0018871140378536,0.0061164216403638,-0.005550054661679282
v25r_pA,random_holdout_b13_p12612,random_holdout,13,12612,29,22,0.005439288722553037,0.0033344757772477696,0.0006707529060632234,0.024086021505376344,-0.0018871140378536,0.0061164216403638,-0.005793464517907942
v25r_pA,random_holdout_b13_p12612,random_holdout,13,12612,5,25,0.005251300621383015,0.003282190035266863,0.0006707529060632234,0.024086021505376344,-0.0018871140378536,0.0061490398406234,-0.004916134954241385
v25r_pA,random_holdout_b13_p12612,random_holdout,13,12612,11,25,0.005251300621383015,0.003282190035266863,0.0006707529060632234,0.024086021505376344,-0.0018871140378536,0.0061490398406234,-0.005801031753269159
v25r_pA,random_holdout_b13_p12612,random_holdout,13,12612,17,25,0.005251300621383015,0.003282190035266863,0.0006707529060632234,0.024086021505376344,-0.0018871140378536,0.0061490398406234,-0.00577555979679411
v25r_pA,random_holdout_b13_p12612,random_holdout,13,12612,29,25,0.005251300621383015,0.003282190035266863,0.0006707529060632234,0.024086021505376344,-0.0018871140378536,0.0061490398406234,-0.005982249915498566
v25r_pA,random_holdout_b17_p7370,random_holdout,17,7370,5,22,0.005439288722553037,0.0033344757772477696,0.0006707529060632234,0.024086021505376344,-0.0018871140378536,0.0061164216403638,-0.004982551745804542
v25r_pA,random_holdout_b17_p7370,random_holdout,17,7370,11,22,0.005439288722553037,0.0033344757772477696,0.0006707529060632234,0.024086021505376344,-0.0018871140378536,0.0061164216403638,-0.005365903738124417
v25r_pA,random_holdout_b17_p7370,random_holdout,17,7370,17,22,0.005439288722553037,0.0033344757772477696,0.0006707529060632234,0.024086021505376344,-0.0018871140378536,0.0061164216403638,-0.004343383870803796
v25r_pA,random_holdout_b17_p7370,random_holdout,17,7370,29,22,0.005439288722553037,0.0033344757772477696,0.0006707529060632234,0.024086021505376344,-0.0018871140378536,0.0061164216403638,-0.005410083165542317
v25r_pA,random_holdout_b17_p7370,random_holdout,17,7370,5,25,0.005251300621383015,0.003282190035266863,0.0006707529060632234,0.024086021505376344,-0.0018871140378536,0.0061490398406234,-0.005113835698117791
v25r_pA,random_holdout_b17_p7370,random_holdout,17,7370,11,25,0.005251300621383015,0.003282190035266863,0.0006707529060632234,0.024086021505376344,-0.0018871140378536,0.0061490398406234,-0.005536714015295069
v25r_pA,random_holdout_b17_p7370,random_holdout,17,7370,17,25,0.005251300621383015,0.003282190035266863,0.0006707529060632234,0.024086021505376344,-0.0018871140378536,0.0061490398406234,-0.004675073374619754
v25r_pA,random_holdout_b17_p7370,random_holdout,17,7370,29,25,0.005251300621383015,0.003282190035266863,0.0006707529060632234,0.024086021505376344,-0.0018871140378536,0.0061490398406234,-0.005551478783614422
v25r_pA,random_holdout_b18_p11802,random_holdout,18,11802,5,22,0.005439288722553037,0.0033344757772477696,0.0006707529060632234,0.024086021505376344,-0.0018871140378536,0.0061164216403638,-0.004612105590865029
v25r_pA,random_holdout_b18_p11802,random_holdout,18,11802,11,22,0.005439288722553037,0.0033344757772477696,0.0006707529060632234,0.024086021505376344,-0.0018871140378536,0.0061164216403638,-0.005080361994116267
v25r_pA,random_holdout_b18_p11802,random_holdout,18,11802,17,22,0.005439288722553037,0.0033344757772477696,0.0006707529060632234,0.024086021505376344,-0.0018871140378536,0.0061164216403638,-0.004486135650725281
v25r_pA,random_holdout_b18_p11802,random_holdout,18,11802,29,22,0.005439288722553037,0.0033344757772477696,0.0006707529060632234,0.024086021505376344,-0.0018871140378536,0.0061164216403638,-0.004258149829557844
v25r_pA,random_holdout_b18_p11802,random_holdout,18,11802,5,25,0.005251300621383015,0.003282190035266863,0.0006707529060632234,0.024086021505376344,-0.0018871140378536,0.0061490398406234,-0.0050406224985081625
v25r_pA,random_holdout_b18_p11802,random_holdout,18,11802,11,25,0.005251300621383015,0.003282190035266863,0.0006707529060632234,0.024086021505376344,-0.0018871140378536,0.0061490398406234,-0.005217131862779195
v25r_pA,random_holdout_b18_p11802,random_holdout,18,11802,17,25,0.005251300621383015,0.003282190035266863,0.0006707529060632234,0.024086021505376344,-0.0018871140378536,0.0061490398406234,-0.00469548900650234
v25r_pA,random_holdout_b18_p11802,random_holdout,18,11802,29,25,0.005251300621383015,0.003282190035266863,0.0006707529060632234,0.024086021505376344,-0.0018871140378536,0.0061490398406234,-0.004566945526205668
v25r_pA,random_train_b13_p8083,random_train,13,8083,5,22,0.005439288722553037,0.0033344757772477696,0.0006707529060632234,0.024086021505376344,-0.0018871140378536,0.0061164216403638,-0.004788408375489183
v25r_pA,random_train_b13_p8083,random_train,13,8083,11,22,0.005439288722553037,0.0033344757772477696,0.0006707529060632234,0.024086021505376344,-0.0018871140378536,0.0061164216403638,-0.005274710285617501
v25r_pA,random_train_b13_p8083,random_train,13,8083,17,22,0.005439288722553037,0.0033344757772477696,0.0006707529060632234,0.024086021505376344,-0.0018871140378536,0.0061164216403638,-0.005408701133125843
v25r_pA,random_train_b13_p8083,random_train,13,8083,29,22,0.005439288722553037,0.0033344757772477696,0.0006707529060632234,0.024086021505376344,-0.0018871140378536,0.0061164216403638,-0.004921997791636407
v25r_pA,random_train_b13_p8083,random_train,13,8083,5,25,0.005251300621383015,0.003282190035266863,0.0006707529060632234,0.024086021505376344,-0.0018871140378536,0.0061490398406234,-0.004971029116176039
v25r_pA,random_train_b13_p8083,random_train,13,8083,11,25,0.005251300621383015,0.003282190035266863,0.0006707529060632234,0.024086021505376344,-0.0018871140378536,0.0061490398406234,-0.005682496345327731
v25r_pA,random_train_b13_p8083,random_train,13,8083,17,25,0.005251300621383015,0.003282190035266863,0.0006707529060632234,0.024086021505376344,-0.0018871140378536,0.0061490398406234,-0.005795529962515094
v25r_pA,random_train_b13_p8083,random_train,13,8083,29,25,0.005251300621383015,0.003282190035266863,0.0006707529060632234,0.024086021505376344,-0.0018871140378536,0.0061490398406234,-0.0052276939404108215
v25r_pA,random_train_b14_p8696,random_train,14,8696,5,22,0.005439288722553037,0.0033344757772477696,0.0006707529060632234,0.024086021505376344,-0.0018871140378536,0.0061164216403638,-0.005536803206918
v25r_pA,random_train_b14_p8696,random_train,14,8696,11,22,0.005439288722553037,0.0033344757772477696,0.0006707529060632234,0.024086021505376344,-0.0018871140378536,0.0061164216403638,-0.004849006354869822
v25r_pA,random_train_b14_p8696,random_train,14,8696,17,22,0.005439288722553037,0.0033344757772477696,0.0006707529060632234,0.024086021505376344,-0.0018871140378536,0.0061164216403638,-0.0045769747961364295
v25r_pA,random_train_b14_p8696,random_train,14,8696,29,22,0.005439288722553037,0.0033344757772477696,0.0006707529060632234,0.024086021505376344,-0.0018871140378536,0.0061164216403638,-0.0055085098580554435
v25r_pA,random_train_b14_p8696,random_train,14,8696,5,25,0.005251300621383015,0.003282190035266863,0.0006707529060632234,0.024086021505376344,-0.0018871140378536,0.0061490398406234,-0.0059699716017696525
v25r_pA,random_train_b14_p8696,random_train,14,8696,11,25,0.005251300621383015,0.003282190035266863,0.0006707529060632234,0.024086021505376344,-0.0018871140378536,0.0061490398406234,-0.0051963220617039785
v25r_pA,random_train_b14_p8696,random_train,14,8696,17,25,0.005251300621383015,0.003282190035266863,0.0006707529060632234,0.024086021505376344,-0.0018871140378536,0.0061490398406234,-0.004832855154775134
v25r_pA,random_train_b14_p8696,random_train,14,8696,29,25,0.005251300621383015,0.003282190035266863,0.0006707529060632234,0.024086021505376344,-0.0018871140378536,0.0061490398406234,-0.005749826356413601
v25r_pA,random_train_b14_p9908,random_train,14,9908,5,22,0.005439288722553037,0.0033344757772477696,0.0006707529060632234,0.024086021505376344,-0.0018871140378536,0.0061164216403638,-0.005526174772384751
v25r_pA,random_train_b14_p9908,random_train,14,9908,11,22,0.005439288722553037,0.0033344757772477696,0.0006707529060632234,0.024086021505376344,-0.0018871140378536,0.0061164216403638,-0.005579601616331014
v25r_pA,random_train_b14_p9908,random_train,14,9908,17,22,0.005439288722553037,0.0033344757772477696,0.0006707529060632234,0.024086021505376344,-0.0018871140378536,0.0061164216403638,-0.00473253121589744
v25r_pA,random_train_b14_p9908,random_train,14,9908,29,22,0.005439288722553037,0.0033344757772477696,0.0006707529060632234,0.024086021505376344,-0.0018871140378536,0.0061164216403638,-0.005619623784456384
v25r_pA,random_train_b14_p9908,random_train,14,9908,5,25,0.005251300621383015,0.003282190035266863,0.0006707529060632234,0.024086021505376344,-0.0018871140378536,0.0061490398406234,-0.0059462200979510825
v25r_pA,random_train_b14_p9908,random_train,14,9908,11,25,0.005251300621383015,0.003282190035266863,0.0006707529060632234,0.024086021505376344,-0.0018871140378536,0.0061490398406234,-0.005905814557734228
v25r_pA,random_train_b14_p9908,random_train,14,9908,17,25,0.005251300621383015,0.003282190035266863,0.0006707529060632234,0.024086021505376344,-0.0018871140378536,0.0061490398406234,-0.005045844472219907
v25r_pA,random_train_b14_p9908,random_train,14,9908,29,25,0.005251300621383015,0.003282190035266863,0.0006707529060632234,0.024086021505376344,-0.0018871140378536,0.0061490398406234,-0.006020212205123737
v25r_pA,random_train_b15_p7333,random_train,15,7333,5,22,0.005439288722553037,0.0033344757772477696,0.0006707529060632234,0.024086021505376344,-0.0018871140378536,0.0061164216403638,-0.005116588854265696
v25r_pA,random_train_b15_p7333,random_train,15,7333,11,22,0.005439288722553037,0.0033344757772477696,0.0006707529060632234,0.024086021505376344,-0.0018871140378536,0.0061164216403638,-0.004873192040111457
v25r_pA,random_train_b15_p7333,random_train,15,7333,17,22,0.005439288722553037,0.0033344757772477696,0.0006707529060632234,0.024086021505376344,-0.0018871140378536,0.0061164216403638,-0.005539095174123404
v25r_pA,random_train_b15_p7333,random_train,15,7333,29,22,0.005439288722553037,0.0033344757772477696,0.0006707529060632234,0.024086021505376344,-0.0018871140378536,0.0061164216403638,-0.0055669313292018964
v25r_pA,random_train_b15_p7333,random_train,15,7333,5,25,0.005251300621383015,0.003282190035266863,0.0006707529060632234,0.024086021505376344,-0.0018871140378536,0.0061490398406234,-0.00530248483269159
v25r_pA,random_train_b15_p7333,random_train,15,7333,11,25,0.005251300621383015,0.003282190035266863,0.0006707529060632234,0.024086021505376344,-0.0018871140378536,0.0061490398406234,-0.005329684064607742
v25r_pA,random_train_b15_p7333,random_train,15,7333,17,25,0.005251300621383015,0.003282190035266863,0.0006707529060632234,0.024086021505376344,-0.0018871140378536,0.0061490398406234,-0.005875112510817964
v25r_pA,random_train_b15_p7333,random_train,15,7333,29,25,0.005251300621383015,0.003282190035266863,0.0006707529060632234,0.024086021505376344,-0.0018871140378536,0.0061490398406234,-0.005888606378084904
v25r_pA,random_train_b16_p9575,random_train,16,9575,5,22,0.005439288722553037,0.0033344757772477696,0.0006707529060632234,0.024086021505376344,-0.0018871140378536,0.0061164216403638,-0.005399142272462537
v25r_pA,random_train_b16_p9575,random_train,16,9575,11,22,0.005439288722553037,0.0033344757772477696,0.0006707529060632234,0.024086021505376344,-0.0018871140378536,0.0061164216403638,-0.005447802249912486
v25r_pA,random_train_b16_p9575,random_train,16,9575,17,22,0.005439288722553037,0.0033344757772477696,0.0006707529060632234,0.024086021505376344,-0.0018871140378536,0.0061164216403638,-0.004319174923279495
v25r_pA,random_train_b16_p9575,random_train,16,9575,29,22,0.005439288722553037,0.0033344757772477696,0.0006707529060632234,0.024086021505376344,-0.0018871140378536,0.0061164216403638,-0.004937464985751783
v25r_pA,random_train_b16_p9575,random_train,16,9575,5,25,0.005251300621383015,0.003282190035266863,0.0006707529060632234,0.024086021505376344,-0.0018871140378536,0.0061490398406234,-0.005628524430845699
v25r_pA,random_train_b16_p9575,random_train,16,9575,11,25,0.005251300621383015,0.003282190035266863,0.0006707529060632234,0.024086021505376344,-0.0018871140378536,0.0061490398406234,-0.005778305060320365
v25r_pA,random_train_b16_p9575,random_train,16,9575,17,25,0.005251300621383015,0.003282190035266863,0.0006707529060632234,0.024086021505376344,-0.0018871140378536,0.0061490398406234,-0.004470596159360585
v25r_pA,random_train_b16_p9575,random_train,16,9575,29,25,0.005251300621383015,0.003282190035266863,0.0006707529060632234,0.024086021505376344,-0.0018871140378536,0.0061490398406234,-0.005215361649050126
v25r_pA,random_train_b17_p10727,random_train,17,10727,5,22,0.005439288722553037,0.0033344757772477696,0.0006707529060632234,0.024086021505376344,-0.0018871140378536,0.0061164216403638,-0.005037365582262321
v25r_pA,random_train_b17_p10727,random_train,17,10727,11,22,0.005439288722553037,0.0033344757772477696,0.0006707529060632234,0.024086021505376344,-0.0018871140378536,0.0061164216403638,-0.004766743670723927
v25r_pA,random_train_b17_p10727,random_train,17,10727,17,22,0.005439288722553037,0.0033344757772477696,0.0006707529060632234,0.024086021505376344,-0.0018871140378536,0.0061164216403638,-0.005500869963379035
v25r_pA,random_train_b17_p10727,random_train,17,10727,29,22,0.005439288722553037,0.0033344757772477696,0.0006707529060632234,0.024086021505376344,-0.0018871140378536,0.0061164216403638,-0.006277183572439032
v25r_pA,random_train_b17_p10727,random_train,17,10727,5,25,0.005251300621383015,0.003282190035266863,0.0006707529060632234,0.024086021505376344,-0.0018871140378536,0.0061490398406234,-0.005279774182640295
v25r_pA,random_train_b17_p10727,random_train,17,10727,11,25,0.005251300621383015,0.003282190035266863,0.0006707529060632234,0.024086021505376344,-0.0018871140378536,0.0061490398406234,-0.005040516633443864
v25r_pA,random_train_b17_p10727,random_train,17,10727,17,25,0.005251300621383015,0.003282190035266863,0.0006707529060632234,0.024086021505376344,-0.0018871140378536,0.0061490398406234,-0.005751229361911036
v25r_pA,random_train_b17_p10727,random_train,17,10727,29,25,0.005251300621383015,0.003282190035266863,0.0006707529060632234,0.024086021505376344,-0.0018871140378536,0.0061490398406234,-0.006670878502052757
v25r_pA,altblock_b24_s4242,sentinel,24,4242,5,22,0.005439288722553037,0.0033344757772477696,0.0006707529060632234,0.024086021505376344,-0.0018871140378536,0.0061164216403638,-0.003178982774052663
v25r_pA,altblock_b24_s4242,sentinel,24,4242,11,22,0.005439288722553037,0.0033344757772477696,0.0006707529060632234,0.024086021505376344,-0.0018871140378536,0.0061164216403638,-0.0038833263285004025
v25r_pA,altblock_b24_s4242,sentinel,24,4242,17,22,0.005439288722553037,0.0033344757772477696,0.0006707529060632234,0.024086021505376344,-0.0018871140378536,0.0061164216403638,-0.003135175431226472
v25r_pA,altblock_b24_s4242,sentinel,24,4242,29,22,0.005439288722553037,0.0033344757772477696,0.0006707529060632234,0.024086021505376344,-0.0018871140378536,0.0061164216403638,-0.0038451975300371256
v25r_pA,altblock_b24_s4242,sentinel,24,4242,5,25,0.005251300621383015,0.003282190035266863,0.0006707529060632234,0.024086021505376344,-0.0018871140378536,0.0061490398406234,-0.0035386564511495078
v25r_pA,altblock_b24_s4242,sentinel,24,4242,11,25,0.005251300621383015,0.003282190035266863,0.0006707529060632234,0.024086021505376344,-0.0018871140378536,0.0061490398406234,-0.00422779091194615
v25r_pA,altblock_b24_s4242,sentinel,24,4242,17,25,0.005251300621383015,0.003282190035266863,0.0006707529060632234,0.024086021505376344,-0.0018871140378536,0.0061490398406234,-0.003549212353077519
v25r_pA,altblock_b24_s4242,sentinel,24,4242,29,25,0.005251300621383015,0.003282190035266863,0.0006707529060632234,0.024086021505376344,-0.0018871140378536,0.0061490398406234,-0.004029062237814884
v25r_pA,baseline_b20_s4242,sentinel,20,4242,5,22,0.005439288722553037,0.0033344757772477696,0.0006707529060632234,0.024086021505376344,-0.0018871140378536,0.0061164216403638,-0.004792360734210443
v25r_pA,baseline_b20_s4242,sentinel,20,4242,11,22,0.005439288722553037,0.0033344757772477696,0.0006707529060632234,0.024086021505376344,-0.0018871140378536,0.0061164216403638,-0.005393631536378862
v25r_pA,baseline_b20_s4242,sentinel,20,4242,17,22,0.005439288722553037,0.0033344757772477696,0.0006707529060632234,0.024086021505376344,-0.0018871140378536,0.0061164216403638,-0.003866203796279682
v25r_pA,baseline_b20_s4242,sentinel,20,4242,29,22,0.005439288722553037,0.0033344757772477696,0.0006707529060632234,0.024086021505376344,-0.0018871140378536,0.0061164216403638,-0.004167167966289231
v25r_pA,baseline_b20_s4242,sentinel,20,4242,5,25,0.005251300621383015,0.003282190035266863,0.0006707529060632234,0.024086021505376344,-0.0018871140378536,0.0061490398406234,-0.005102207560327765
v25r_pA,baseline_b20_s4242,sentinel,20,4242,11,25,0.005251300621383015,0.003282190035266863,0.0006707529060632234,0.024086021505376344,-0.0018871140378536,0.0061490398406234,-0.005534879411018822
v25r_pA,baseline_b20_s4242,sentinel,20,4242,17,25,0.005251300621383015,0.003282190035266863,0.0006707529060632234,0.024086021505376344,-0.0018871140378536,0.0061490398406234,-0.004387162140675604
v25r_pA,baseline_b20_s4242,sentinel,20,4242,29,25,0.005251300621383015,0.003282190035266863,0.0006707529060632234,0.024086021505376344,-0.0018871140378536,0.0061490398406234,-0.004319835267325589
v25r_pA,stress_b30_s10010,sentinel,30,10010,5,22,0.005439288722553037,0.0033344757772477696,0.0006707529060632234,0.024086021505376344,-0.0018871140378536,0.0061164216403638,-0.0027794568780765967
v25r_pA,stress_b30_s10010,sentinel,30,10010,11,22,0.005439288722553037,0.0033344757772477696,0.0006707529060632234,0.024086021505376344,-0.0018871140378536,0.0061164216403638,-0.003724531237359929
v25r_pA,stress_b30_s10010,sentinel,30,10010,17,22,0.005439288722553037,0.0033344757772477696,0.0006707529060632234,0.024086021505376344,-0.0018871140378536,0.0061164216403638,-0.002993092648807005
v25r_pA,stress_b30_s10010,sentinel,30,10010,29,22,0.005439288722553037,0.0033344757772477696,0.0006707529060632234,0.024086021505376344,-0.0018871140378536,0.0061164216403638,-0.0029248549012469926
v25r_pA,stress_b30_s10010,sentinel,30,10010,5,25,0.005251300621383015,0.003282190035266863,0.0006707529060632234,0.024086021505376344,-0.0018871140378536,0.0061490398406234,-0.0029060872287060336
v25r_pA,stress_b30_s10010,sentinel,30,10010,11,25,0.005251300621383015,0.003282190035266863,0.0006707529060632234,0.024086021505376344,-0.0018871140378536,0.0061490398406234,-0.003940763193447816
v25r_pA,stress_b30_s10010,sentinel,30,10010,17,25,0.005251300621383015,0.003282190035266863,0.0006707529060632234,0.024086021505376344,-0.0018871140378536,0.0061490398406234,-0.0030807901162202664
v25r_pA,stress_b30_s10010,sentinel,30,10010,29,25,0.005251300621383015,0.003282190035266863,0.0006707529060632234,0.024086021505376344,-0.0018871140378536,0.0061490398406234,-0.0031165667026034904
